"","No","H_P","D1_P","D2_P","W_m_P","W_s_P","W_a_P","L_b_P","L_v_P","W_d_P","W_ia_P","W_r_P","W_L","W_P","W_m_L","S","FE","P","W_c_P","D12_P","H_A_L"
"1",1,0.218588853028268,0.726794819,1.476961079,0.896427349011027,0.00495501664752443,0.0986176342558266,0.14365411424322,0.588251987132464,0.0181879491157822,6.58633006925141e-14,6.58633006925141e-14,3362.216399,1.01818794911578,1944.729924,0.000145439,7.192767714,1.75009405062319,1,0.75016626,2
"2",2,0.253576304111352,0.634038756,1.055966344,0.713864740006989,0.222406707910317,0.0637285519846631,0.439171721666638,2.18946538264623,0.0194219824462481,5.44620034193199e-14,5.44620034193199e-14,5969.390862,1.01942198244625,2265.456087,0.000376643,8.315569875,3.64805908670465,1,0.421927588,3
"3",3,0.266766359821939,1.631860557,2.197610294,0.618204035868265,0.36829595030887,0.013500014072906,0.128115890403373,1.23408209562119,4.31029737158391e-14,4.31029737158391e-14,4.31029737158391e-14,7007.746192,1.00000000000004,2035.883225,0.000707833,7.457151,2.3621979859384,1,0.565749737,3
"4",4,0.235923214018564,0.417981275,0.997178402,0.965218501649547,0.0347814989690496,6.94974175478986e-14,0.142309607691279,0.400260806572726,6.94974175478986e-14,6.94974175478986e-14,6.94974175478986e-14,2291.819806,1.00000000000007,2037.960668,0.0000534,10.263639,1.54257041482005,1,0.579197127,2
"5",5,0.240697345711704,0.259443783,0.493902439,1,8.43826947972885e-14,8.43826947972885e-14,0.0951536729919234,1.80708619357865,0.303862433309392,8.43826947972885e-14,8.43826947972885e-14,3592.817672,1.30386243330939,2049.734668,0.0000229,6.160038333,3.20610230013311,1,0.234458656,1
"6",6,0.200913662190549,0.816621912,1.485821697,1.00000000043771,6.63195990352133e-14,6.63195990352133e-14,0.52271073738494,0.801468261758097,0.00535243907394857,6.63195990352133e-14,6.63195990352133e-14,3614.980907,1.00535243907395,3519.84298,0.000412234,7.5828175,2.32953143821699,1,0.669199785,2
"7",7,0.200357692451661,0.910782378,1.827771317,0.963550221214398,6.32314575889465e-14,0.036449778577001,0.26445214416575,0.497503380067632,6.32314575889465e-14,6.32314575889465e-14,6.32314575889465e-14,3217.696981,1.00000000000006,2678.42692,0.000374918,8.5788855,1.76195552435991,1,0.916988939,2
"8",8,0.140273090048744,0.894287639,1.355618777,0.758150541532007,0.195501486651516,0.0463479717922893,0.0750520514418369,0.893338946088884,0.0218616507601108,4.83740365716457e-14,4.83740365716457e-14,5039.065473,1.02186165076011,2376.389756,0.000586554,9.4470138,1.9902526485327,1,0.461331138,1
"9",9,0.207750545698677,0.740885619,1.224326371,0.638698535411492,0.337366704356906,0.023934760151501,0.402627441850145,1.0829156365718,0.0319852705983028,6.16161438768613e-14,6.16161438768613e-14,5717.04103,1.0319852705983,2112.308709,0.00054938,7.063326833,2.51752834908187,1,0.483440752,2
"10",10,0.188484352501429,0.243617958,0.520378521,0.988306909256936,0.0116930905290937,7.6445275486816e-14,0.0666666376429488,0.319880825423758,7.6445275486816e-14,7.6445275486816e-14,7.6445275486816e-14,2143.264252,1.00000000000008,2066.893342,0.0000255,9.2171142,1.38654746268456,1,0.276760563,1
"11",11,0.219026204981939,0.391246666,0.66113295,0.766238283252653,0.032879369035038,0.200882347717598,0.204161213161842,0.719257567137562,5.23590917620233e-14,5.23590917620233e-14,5.23590917620233e-14,5814.996553,1.00000000000005,2836.63906,0.000356784,3.966303,1.92341877977587,1,0.269886284,3
"12",12,0.172046396679623,1.0048258,1.393714689,0.98403367442256,4.00291263932391e-14,0.0159663254013524,0.240056814379857,1.24591420255125,4.00291263932391e-14,4.00291263932391e-14,4.00291263932391e-14,7092.479844,1.00000000000004,6805.5796,0.000683471,5.62640175,2.48597101669097,1,0.388888889,3
"13",13,0.219504447235798,0.819911067,1.824851779,1.00000000000005,5.37763557435541e-14,5.37763557435541e-14,0.0602204502872406,0.21043262409219,5.37763557435541e-14,5.37763557435541e-14,5.37763557435541e-14,2807.178533,1.00000000000005,2807.178533,0.000144528,5.1680314,1.27065307454081,1,1.004940712,3
"14",14,0.217536312740104,1.210005903,2.208659238,0.999999999637787,5.93791062607964e-14,5.93791062607964e-14,0.078724775555679,0.694822999174183,0.00297143284093154,5.93791062607964e-14,5.93791062607964e-14,3648.543465,1.00297143284093,3548.141175,0.00038385,7.44054675,1.77651920715514,1,0.998653335,2
"15",15,0.241179655173288,0.281580805,0.683697953,1.00000000047953,7.61152468746217e-14,7.61152468746217e-14,0.0489255401568904,0.7706600934982,0.0100189689823183,7.61152468746217e-14,7.61152468746217e-14,2335.774273,1.01001896898232,2094.896373,0.0000412,6.789803,1.82960460354318,1,0.402117148,2
"16",16,0.245181153432157,0.41830155,0.894635753,1.00000000000007,7.44469428003044e-14,7.44469428003044e-14,0.0101927650595354,0.14613216719266,7.44469428003044e-14,7.44469428003044e-14,7.44469428003044e-14,2097.137183,1.00000000000007,2097.137183,0.0000693,6.5600536,1.15632493226716,1,0.476334203,2
"17",17,0.203630511199699,0.375743668,0.908890022,0.81487578417126,5.94990145933107e-14,0.185124215679992,0.061943736343986,0.930340980827705,0.00137563164590838,5.94990145933107e-14,5.94990145933107e-14,4036.991568,1.00137563164591,2317.533365,0.000208819,9.1907295,1.9936603487581,1,0.533146354,2
"18",18,0.135405320676697,0.39195264,0.980688869,0.909962985435676,6.21497892235072e-14,0.0900370148067086,0.0869444072990122,0.252295795406448,0.0354160552697078,6.21497892235072e-14,6.21497892235072e-14,4100.775374,1.03541605526971,2537.589326,0.000504999,5.53585625,1.37465625778872,1,0.588736229,1
"19",19,0.196384657831314,0.693899494,1.229844179,1.00000000033555,7.29446788231127e-14,7.29446788231127e-14,0.0689640071761045,0.35939586082388,0.0320062295709248,7.29446788231127e-14,7.29446788231127e-14,3211.027069,1.03200622957092,2951.893837,0.000438853,6.7373145,1.46036609756361,1,0.535944685,1
"20",20,0.168333949966169,0.477969231,0.812967033,0.989745754341013,6.52996122279628e-14,0.0102542458875356,0.150114330730469,1.47743925291169,0.29962212242128,6.52996122279628e-14,6.52996122279628e-14,5332.057984,1.29962212242128,3197.092281,0.000636371,8.212352,2.92717570625934,1,0.334997802,1
"21",21,0.168951839091532,0.549627922,0.953280579,0.878158977153325,0.0982642611912475,0.0235767618279671,0.0316626305347414,1.49965375603174,0.00726408341383488,5.94965944134573e-14,5.94965944134573e-14,3335.625339,1.00726408341383,2166.9793,0.000385042,6.8180402,2.53858046992082,1,0.403652657,1
"22",22,0.189564911110912,0.853796376,1.244724516,0.579637957282068,0.231952884049861,0.179633402534825,0.0151033638380092,1.20775995918115,0.011551219658298,0.00877575600773996,4.04859655952027e-14,6689.501271,1.0115512196583,1911.839433,0.000704126,6.139749143,2.23441454239405,1,0.39092814,3
"23",23,0.206032159968713,0.66604119,1.050806636,0.642635513992063,0.341422785982209,0.0159417001771985,0.109432757484204,2.26224865564809,5.04733556339248e-14,5.04733556339248e-14,5.04733556339248e-14,6166.187104,1.00000000000005,3100.411252,0.00053787,8.1794846,3.37168141333424,1,0.384765446,3
"24",24,0.2326933707036,0.535991872,1.081584963,0.769904960539831,0.212447142132901,0.0176478973114441,0.0704477901103649,1.7128236450417,5.29238565439219e-14,5.29238565439219e-14,5.29238565439219e-14,4086.031826,1.00000000000005,2174.470312,0.000204087,6.3664996,2.78327143515212,1,0.545593091,3
"25",25,0.212194544312052,0.293905541,0.519091465,0.614202488020254,3.58242642864895e-14,0.385797511979782,0.0500453618656421,0.461004038773836,3.58242642864895e-14,3.58242642864895e-14,3.58242642864895e-14,5527.47971,1.00000000000004,2104.105765,0.000079,7.397607333,1.51104940071116,1,0.225185924,3
"26",26,0.239757341838301,0.223439667,0.417715294,0.941541703658796,6.42820766412835e-14,0.0584582960840756,0.180178097440897,0.493607475911224,0.0136126498945779,6.42820766412835e-14,6.42820766412835e-14,2893.994632,1.01361264989458,1970.208645,0.0000701,8.1838415,1.68739822311814,1,0.194275627,2
"27",27,0.145680913559401,0.490556053,0.950777497,0.794209160011736,5.32182641319352e-14,0.205790839972299,0.169062824257415,0.855423726438076,0.0369476491247569,5.32182641319352e-14,5.32182641319352e-14,4944.107955,1.03694764912476,1850.457321,0.00038868,8.689857167,2.06143420072496,1,0.460221444,1
"28",28,0.154790595937111,0.454417646,0.89247364,0.70569685997479,3.90346221815603e-14,0.294303139783196,0.0499779221441663,1.88278073265373,0.0163378273203615,3.90346221815603e-14,3.90346221815603e-14,4778.533098,1.01633782732036,2183.832902,0.000275475,10.2432085,2.94909648188405,1,0.438055994,3
"29",29,0.154489213446953,0.623721082,1.172238514,0.722666991889705,4.18663278652818e-14,0.27733300825264,0.118799677050663,0.729856601756109,0.00142054252373652,4.18663278652818e-14,4.18663278652818e-14,5456.112427,1.00142054252374,1941.222521,0.00108648,7.752864167,1.85007682145611,1,0.548517432,2
"30",30,0.138658709015248,0.614050954,0.902401478,0.79630771301991,4.40437853718681e-14,0.203692286984495,0.0613074615707019,2.11355429305661,0.0339644042928895,4.40437853718681e-14,4.40437853718681e-14,4924.465715,1.03396440429289,2024.91183,0.000580139,8.109455429,3.20884375031638,1,0.288350524,2
"31",31,0.203552295535644,0.286300635,0.67228364,1.00000000029196,5.83915584344656e-14,5.83915584344656e-14,0.0124167356149566,1.70786942662235,0.556385490606185,5.83915584344656e-14,5.83915584344656e-14,6180.031325,1.55638549060618,2029.373231,0.000235459,8.184205167,3.27667165323471,1,0.385983005,2
"32",32,0.217391626506089,0.272739388,0.73346186,0.953682286425705,6.60754960288547e-14,6.60754960288547e-14,0.104167593038238,1.84418720027802,0.0508279680467427,0.0463177136866235,6.60754960288547e-14,3107.495783,1.05082796804674,2074.425191,0.000174616,8.7377115,2.99918276228806,1,0.460722472,2
"33",33,0.202655733409329,0.65444621,2.215555463,0.835196661720779,5.01509278884833e-14,5.01509278884833e-14,0.00910593436315912,0.572948376455841,5.01509278884833e-14,0.164803338028517,5.01509278884833e-14,3341.691851,1.00000000000005,1984.782652,0.000149084,9.883402167,1.58205431102467,1,1.561109253,3
"34",34,0.186895662682511,2.001697241,3.458525928,0.987573910374305,4.60503464062498e-14,0.0124260895889003,0.0517587991994586,0.343159597433874,4.60503464062498e-14,4.60503464062498e-14,0.0830476635015573,3265.183805,1.00000000000005,2860.882067,0.00068954,6.832223333,1.47796606119409,1,1.456828687,3
"35",35,0.251401075600221,1.174048209,2.449065105,1.00000000000005,4.77451987554679e-14,4.77451987554679e-14,4.77451987554679e-14,0.694982440924944,4.77451987554679e-14,4.77451987554679e-14,0.00239567426990539,3837.899742,1.00000000000005,3837.899742,0.000416097,9.177387833,1.69737811499914,1,1.275016896,3
"36",36,0.355967805712196,0.621259317,1.479057737,0.999999999772746,5.41081108230068e-14,5.41081108230068e-14,0.0201141825994435,0.360723685836338,0.00811350774416916,5.41081108230068e-14,0.038680853268867,2369.756041,1.00811350774417,2202.531691,0.000139652,10.674758,1.42763223650993,1,0.85779842,3
"37",37,0.263315987422881,0.754173486,1.361387385,0.990825549345651,5.32808702306864e-14,5.32808702306864e-14,0.0741937314117844,1.26864937256248,0.0195456535112032,0.00917445054245967,5.32808702306864e-14,3039.092873,1.0195456535112,2544.950112,0.000582448,8.56836125,2.36238875721907,1,0.607213899,3
"38",38,0.287127166279239,0.619725929,1.144248107,1.00000000000007,7.38562744918955e-14,7.38562744918955e-14,0.07657573164816,1.31524103848599,7.38562744918955e-14,7.38562744918955e-14,7.38562744918955e-14,2192.593476,1.00000000000007,2192.593476,0.0000533,10.003633,2.39181676969109,1,0.524522178,3
"39",39,0.235281847265083,0.637300677,1.752976719,1.00000000000006,5.95915748280234e-14,5.95915748280234e-14,0.0811531805441516,0.0527589777334009,5.95915748280234e-14,5.95915748280234e-14,5.95915748280234e-14,2032.260827,1.00000000000006,2032.260827,0.000274813,9.227475833,1.13391215845639,1,1.115676042,3
"40",40,0.186966616382903,1.635756677,4.53227003,0.982789416420147,5.36028441742047e-14,0.0172105835209432,0.0442106565424912,0.285348614853127,5.36028441742047e-14,5.36028441742047e-14,5.36028441742047e-14,2217.559623,1.00000000000005,2033.051649,0.000301292,8.416676167,1.32955927142783,1,2.896513353,2
"41",41,0.239833382719896,2.045073529,4.373382353,0.990877347152852,0.00912265276519522,5.12524826471984e-14,0.0380479409890169,0.125526821193988,5.12524826471984e-14,5.12524826471984e-14,5.12524826471984e-14,3096.449334,1.00000000000005,2760.415564,0.000328047,9.1950734,1.16357476207543,1,2.328308824,3
"42",42,0.152959675712771,1.766185897,2.930769231,0.937486780879723,0.0131239535071952,0.0493892658915525,0.0517535675566583,0.600509614393101,4.4907337443233e-14,4.4907337443233e-14,4.4907337443233e-14,4942.093364,1.00000000000004,3096.065615,0.000826636,8.856017833,1.65226318230906,1,1.164583334,2
"43",43,0.231951201759774,0.49031339,1.291452991,0.987307491342209,5.63038377285804e-14,5.63038377285804e-14,0.0776272433686536,0.628092789688724,0.0093174142926219,0.0126925084719879,5.63038377285804e-14,2594.026884,1.00931741429262,2108.973673,0.0000825,11.9873015,1.71503744746261,1,0.801139601,3
"44",44,0.191156204857937,0.199913969,0.47370685,0.537559360121231,3.28735170723711e-14,0.462440639520448,0.062398809263875,0.568707805196771,0.0241124364422533,3.28735170723711e-14,3.28735170723711e-14,5881.801,1.02411243644225,1690.171852,0.0000401,7.9044358,1.65521905087003,1,0.273792881,3
"45",45,0.192967269082683,0.202593893,0.319277718,0.706674552427983,4.91166580858842e-14,0.293325447473783,0.198605119376472,0.571717425652775,0.0461388322493666,4.91166580858842e-14,4.91166580858842e-14,4241.817465,1.04613883224937,2636.593393,0.000244434,6.9705705,1.81646137747508,1,0.116683825,3
"46",46,0.121579953147356,0.274937124,0.428135593,0.592078064067937,4.10023468697337e-14,0.407921935927963,0.190084466402932,0.939665250891781,0.00362245413893367,4.10023468697337e-14,4.10023468697337e-14,6197.95677,1.00362245413893,1986.32664,0.000541037,7.9098708,2.13337217172066,1,0.153198469,2
"47",47,0.241293925559421,0.291988292,0.674895094,0.999999999857128,6.80341364720371e-14,6.80341364720371e-14,0.045855361848107,1.2312168408364,0.0271577814113655,6.80341364720371e-14,6.80341364720371e-14,2740.934006,1.02715778141137,2165.689175,0.000110769,11.4926708,2.30422998400743,1,0.382906802,2
"48",48,0.174514793652813,1.087305987,1.707871397,0.952471363404052,0.0475286363991854,5.96430861816841e-14,0.00458243751306614,0.202344618565502,5.96430861816841e-14,5.96430861816841e-14,5.96430861816841e-14,2408.126046,1.00000000000006,1929.890401,0.000550794,6.604490714,1.20692705622177,1,0.62056541,2
"49",49,0.217801695294231,1.127343898,2.317191742,0.919578234838218,0.0804217648245251,6.74648267504441e-14,0.0630914993831241,0.121430462159263,6.74648267504441e-14,6.74648267504441e-14,6.74648267504441e-14,3141.96456,1.00000000000007,1930.329177,0.000145641,7.7637905,1.1845219614615,1,1.189847844,2
"50",50,0.199907644793659,0.274814073,0.567391304,0.814102778244225,5.68314382762047e-14,0.161544929347225,0.0766733912541403,0.734137438089863,0.0502068755698425,5.68314382762047e-14,5.68314382762047e-14,4579.186332,1.05020687556984,1839.754884,0.0000427,6.489609,1.86101770468652,1,0.292577231,2
"51",51,0.186017658205428,0.293885143,0.60055801,1.00000000005151,5.72296460675751e-14,5.72296460675751e-14,0.146498086316857,3.88160410219662,0.0335270708089691,5.72296460675751e-14,5.72296460675751e-14,3945.773515,1.03352707080897,3154.432999,0.000474107,7.316898,5.06162925949413,1,0.306672867,2
"52",52,0.112082316807515,0.640029326,1.30075629,0.999999999654081,5.76531656188417e-14,5.76531656188417e-14,0.194820425925472,2.08452870061687,0.0713050693703944,5.76531656188417e-14,5.76531656188417e-14,4712.246269,1.07130506937039,3344.109403,0.000873285,7.3308872,3.35065419591274,1,0.660726964,1
"53",53,0.243271414793589,0.765492843,1.673105075,0.992611955192463,5.65540902190987e-14,0.00738804505643145,0.00628140720796461,0.650169339742718,5.65540902190987e-14,5.65540902190987e-14,5.65540902190987e-14,2139.976908,1.00000000000006,1978.65979,0.000230491,8.062655333,1.6564507471204,1,0.907612232,3
"54",54,0.17279342926666,0.456555546,1.80916972,1.00000000000006,6.07213391852881e-14,6.07213391852881e-14,0.0159764712497988,0.622771054515821,6.07213391852881e-14,6.07213391852881e-14,0.00629294582368865,2009.411836,1.00000000000006,2009.411836,0.00014134,7.532436,1.64504047146793,1,1.352614174,1
"55",55,0.305155110477014,0.449838932,0.967326277,0.689946376959411,5.78319455272241e-14,0.305349904199838,0.0282381021722573,0.38425976973651,5.78319455272241e-14,0.00470371887550792,0.00662163724109268,3551.691025,1.00000000000006,1973.120694,0.0000535,8.5838574,1.41911950906895,1,0.517487345,3
"56",56,0.239059633771938,0.59420758,1.569444444,0.790472170069816,5.89602856787663e-14,0.209527829694402,0.101830141123142,1.14567126987174,5.89602856787663e-14,5.89602856787663e-14,5.89602856787663e-14,4285.34427,1.00000000000006,2040.381176,0.000393576,6.29521875,2.24750141064118,1,0.975236864,3
"57",57,0.277404645623449,1.277134814,2.477885518,1.00000000000006,6.14457360658404e-14,6.14457360658404e-14,0.0141069948899959,0.213310279368355,6.14457360658404e-14,6.14457360658404e-14,0.0183422170892405,2516.058788,1.00000000000006,2516.058788,0.000469561,7.1668315,1.24575949165488,1,1.200750704,3
"58",58,0.177703061673688,0.537835926,1.246615478,0.838785162461282,6.50445881529933e-14,0.161214837538783,0.16502628837848,0.302570772087756,6.50445881529933e-14,6.50445881529933e-14,6.50445881529933e-14,4008.399124,1.00000000000007,2157.187009,0.000336641,7.4647455,1.4675970604663,1,0.708779552,1
"59",59,0.150987398778543,0.489890886,1.239890886,0.993408327026868,6.44165330927625e-14,0.00282048027843668,6.44165330927625e-14,0.126493235530973,6.44165330927625e-14,0.0037711924757431,6.44165330927625e-14,2272.523944,1.00000000000006,2052.155109,0.000135288,6.013445,1.12649323546662,1,0.75,1
"60",60,0.249215617726482,0.425647421,0.963098819,1.00000000000009,8.56231529560818e-14,8.56231529560818e-14,0.0888099332584295,8.56231529560818e-14,8.56231529560818e-14,8.56231529560818e-14,8.56231529560818e-14,2046.484814,1.00000000000009,2046.484814,0.0000668,6.32006725,1.0888099328304,1,0.537451398,1
"61",61,0.207316645754065,0.735976536,1.547373383,0.991277641566437,7.07472100013581e-14,7.07472100013581e-14,0.121648288491782,0.0768431058551038,7.07472100013581e-14,7.07472100013581e-14,7.07472100013581e-14,2283.297513,1.00000000000007,2089.949355,0.000271644,7.394952286,1.19849139399322,1,0.811396847,2
"62",62,0.184656089451272,1.347662338,3.053961039,0.820489077775024,5.00297312434331e-14,0.179510921974877,0.0391999694596527,0.300561805965289,5.00297312434331e-14,5.00297312434331e-14,5.00297312434331e-14,3643.773431,1.00000000000005,1847.43939,0.000464761,7.471843333,1.33976177523988,1,1.706298701,2
"63",63,0.225729702800997,0.500178571,1.140892857,0.982747651568062,7.76886973019379e-14,0.0172523485796242,0.0559748794032374,1.05284696022963,7.76886973019379e-14,7.76886973019379e-14,7.76886973019379e-14,2481.88669,1.00000000000008,2142.030691,0.000116522,7.695834,2.10882183910467,1,0.640714286,1
"64",64,0.229701044834651,0.39516855,0.931209609,1.00000000000007,7.29510350391389e-14,7.29510350391389e-14,0.0359703254740364,0.613189523717838,7.29510350391389e-14,7.29510350391389e-14,7.29510350391389e-14,2131.093082,1.00000000000007,2131.093082,0.000176576,7.7218165,1.64915984882719,1,0.536041059,2
"65",65,0.21602308364317,0.580873219,1.016898064,0.829806551818841,6.16671194523561e-14,0.170193448551224,0.0414178281856212,0.627690693749983,6.16671194523561e-14,6.16671194523561e-14,6.16671194523561e-14,3740.589997,1.00000000000006,1869.312029,0.0000619,7.452449333,1.669108522207,1,0.436024845,2
"66",66,0.257334644503151,0.768697331,1.596759631,0.831768294719979,5.70739683666581e-14,0.162778533522901,0.0740064455194705,1.76805533212281,0.045694432582462,0.00545317162584916,5.70739683666581e-14,5386.649498,1.04569443258246,2226.889634,0.000803279,7.12820875,2.88775621028182,1,0.8280623,3
"67",67,0.132713278831215,0.925694897,2.389347774,0.997874192334238,5.92005016335088e-14,0.00212580755920063,0.0308558400812289,1.14127763590661,0.0256937358702281,5.92005016335088e-14,5.92005016335088e-14,2506.962375,1.02569373587023,2108.600763,0.000464062,6.540373,2.19782721195279,1,1.463652877,1
"68",68,0.236808389243991,1.065287264,2.733427079,1.00000000000005,5.46137674714852e-14,5.46137674714852e-14,0.0163330088987922,0.140345436732358,5.46137674714852e-14,5.46137674714852e-14,5.46137674714852e-14,2355.705968,1.00000000000005,2355.705968,0.000342878,8.2064166,1.15667844575682,1,1.668139815,3
"69",69,0.231762636696996,0.879970091,1.576860486,0.848449920228983,4.54168674126288e-14,0.151550079448557,0.0598989865709322,0.661214166870403,0.00914693479267985,4.54168674126288e-14,4.54168674126288e-14,5606.922349,1.00914693479268,4002.915202,0.000673008,8.2501038,1.73026008782526,1,0.696890395,3
"70",70,0.118419993403308,0.847785059,1.462883355,0.941394334862549,4.92583524046018e-14,0.0586056651375008,0.0258380701355429,1.0664250064377,4.92583524046018e-14,4.92583524046018e-14,4.92583524046018e-14,2900.744595,1.00000000000005,2137.437324,0.000490347,5.4735885,2.09226307619893,1,0.615098296,1
"71",71,0.255088964862603,0.404494382,1.179645635,1.00000000000006,6.28724722436936e-14,6.28724722436936e-14,0.00914721276271006,0.0247139225619894,6.28724722436936e-14,6.28724722436936e-14,6.28724722436936e-14,2016.983598,1.00000000000006,2016.983598,0.0000891,5.608059167,1.03386113558254,1,0.775151253,3
"72",72,0.261277617114896,0.554090532,1.40625,1.00000000000006,6.24288627790836e-14,6.24288627790836e-14,0.00271199553268065,0.0723217801863955,6.24288627790836e-14,6.24288627790836e-14,6.24288627790836e-14,2064.614125,1.00000000000006,2064.614125,0.000110023,7.7793892,1.07503377582527,1,0.852159468,3
"73",73,0.25513663840236,0.909917807,1.568099542,0.86379652047086,0.116522126963845,0.0196813523924676,0.11768365655937,0.801287146310199,5.08466972190734e-14,5.08466972190734e-14,5.08466972190734e-14,4125.678298,1.00000000000005,2798.382836,0.000797315,7.138229333,1.91897080246285,1,0.658181735,3
"74",74,0.294419902837836,0.396174334,0.859467312,0.909128622008512,0.0529412085839146,0.0379301696040793,0.124119663291135,1.02027820987501,0.00517429242975259,6.77608177446667e-14,6.77608177446667e-14,3453.29611,1.00517429242975,1829.008301,0.000196399,6.79200525,2.1495721652571,1,0.463292978,3
"75",75,0.200118051315686,0.556406182,1.290047667,0.97418623538011,6.19867786568713e-14,0.0258137643471485,0.12257409848645,1.04487450355058,0.00296031517163227,6.19867786568713e-14,6.19867786568713e-14,3077.810265,1.00296031517163,2289.032708,0.00032533,7.435515167,2.17040891727065,1,0.733641485,2
"76",76,0.255464861441689,0.688517442,1.574781977,0.962892542101496,5.28556549327053e-14,0.0371074579038424,0.0138330926665614,0.357183443135249,5.28556549327053e-14,5.28556549327053e-14,5.28556549327053e-14,2981.085195,1.00000000000005,2241.604626,0.000156211,7.696681333,1.37101653607671,1,0.886264535,3
"77",77,0.222669352430074,0.93949273,1.728006036,0.99568080510795,4.33737979060364e-14,0.00431919490510569,0.0298194191910158,0.864705292392785,4.33737979060364e-14,4.33737979060364e-14,4.33737979060364e-14,5154.0881,1.00000000000004,5024.410446,0.000672296,6.748102625,1.89452471165758,1,0.788513306,3
"78",78,0.188071519448136,0.750391061,1.442122905,1.00000000000005,5.19346926993696e-14,5.19346926993696e-14,0.0573963657060793,0.500115820752713,5.19346926993696e-14,5.19346926993696e-14,5.19346926993696e-14,4383.171596,1.00000000000005,4383.171596,0.000620568,7.248832167,1.55751218656271,1,0.691731844,2
"79",79,0.162390062070077,0.588913702,2.524427177,1.00000000000006,5.81406270148396e-14,5.81406270148396e-14,5.81406270148396e-14,5.81406270148396e-14,5.81406270148396e-14,5.81406270148396e-14,5.81406270148396e-14,2045.013212,1.00000000000006,2045.013212,0.0000854,7.00563875,1.00000000000006,1,1.935513475,1
"80",80,0.264579001191786,0.380986753,0.839164402,0.895948020561133,6.64447868325262e-14,0.0795364230491302,0.103088037341701,0.636537329372833,0.00245106838606291,6.64447868325262e-14,6.64447868325262e-14,3091.946735,1.00245106838606,1903.333314,0.0000805,6.2234158,1.74207643496771,1,0.458177649,3
"81",81,0.139339506993391,0.746948384,1.239740758,0.69831082080214,6.11922343701287e-14,0.0788787287954653,0.170132928625039,1.24430680638354,6.11922343701287e-14,6.11922343701287e-14,6.11922343701287e-14,4049.389823,1.00000000000006,2146.4718,0.000386941,6.536755,2.41443973531461,1,0.492792374,1
"82",82,0.238482304135791,0.661936489,1.508047071,1.00000000000009,9.07771332245353e-14,9.07771332245353e-14,0.053268643690297,0.920932275457496,9.07771332245353e-14,9.07771332245353e-14,9.07771332245353e-14,2139.286526,1.00000000000009,2139.286526,0.000539052,5.52821125,1.97420091905711,1,0.846110582,1
"83",83,0.265518307441596,0.388317757,1.248957584,0.971550582387571,8.13293461198552e-14,0.0176177831556876,0.0263392958788586,0.675884102165153,8.13293461198552e-14,0.01083163464388,8.13293461198552e-14,2550.352486,1.00000000000008,1990.254417,0.000393701,5.74729125,1.70222339809289,1,0.860639827,2
"84",84,0.432266707111071,0.680028235,1.542803076,0.990027927567831,7.15641797407246e-14,0.00997207208866048,0.0242478108907245,1.06763156587807,0.00392018440984913,7.15641797407246e-14,7.15641797407246e-14,2698.323108,1.00392018440985,2401.028143,0.000382913,6.381296,2.09579956077788,1,0.862774841,3
"85",85,0.338823099496913,0.626155462,1.582720588,0.889038742094484,6.22414495631313e-14,0.110961257905578,0.00318108988047126,0.33779884853893,6.22414495631313e-14,6.22414495631313e-14,6.22414495631313e-14,2595.037693,1.00000000000006,1864.443062,0.000112721,6.6789305,1.34097993856884,1,0.956565126,3
"86",86,0.182445698097862,0.296107003,1.020878643,0.783728080390352,6.05235725888116e-14,0.216271919549185,6.05235725888116e-14,1.10024904076242,6.05235725888116e-14,6.05235725888116e-14,6.05235725888116e-14,4603.907328,1.00000000000006,2069.532474,0.000176044,7.557555,2.10024904076248,1,0.72477164,2
"87",87,0.290011095169187,0.40472664,1.276965677,0.95513065970802,6.29684894827206e-14,0.0448693404934792,0.00616270213135101,0.847758961965917,0.00504939760132352,6.29684894827206e-14,6.29684894827206e-14,3558.315817,1.00504939760132,1981.567775,0.000369706,7.779141,1.85897106233457,1,0.872239037,3
"88",88,0.25865507969245,0.295438725,1.078769005,0.963008069660336,7.10879877115763e-14,0.0369919301406883,0.00896300554319382,0.583931069723273,7.10879877115763e-14,7.10879877115763e-14,7.10879877115763e-14,2410.069133,1.00000000000007,1916.6235,0.000152631,9.0036265,1.59289407545848,1,0.78333028,2
"89",89,0.253008822688129,0.795214473,2.123198132,1.00000000000007,6.51932080255594e-14,6.51932080255594e-14,0.00241722272344225,0.624010163764597,6.51932080255594e-14,6.51932080255594e-14,6.51932080255594e-14,3469.360111,1.00000000000007,3469.360111,0.000224879,9.243844,1.6264273863838,1,1.327983659,3
"90",90,0.260089647532239,0.523954156,1.290831289,1.00000000000007,6.89553225060616e-14,6.89553225060616e-14,6.89553225060616e-14,0.206425773150673,6.89553225060616e-14,6.89553225060616e-14,6.89553225060616e-14,2475.602783,1.00000000000007,2475.602783,0.00019759,9.76891,1.2064257725991,1,0.766877133,3
"91",91,0.314260746293578,0.555374389,1.224307036,1.00000000000008,7.94121353410095e-14,7.94121353410095e-14,7.94121353410095e-14,0.0876317891834804,7.94121353410095e-14,7.94121353410095e-14,7.94121353410095e-14,2022.871618,1.00000000000008,2022.871618,0.0000668,8.33332775,1.08763178926297,1,0.668932647,3
"92",92,0.296106363010077,0.862567812,1.596292948,1.0000000000001,9.80286965344e-14,9.80286965344e-14,9.80286965344e-14,0.0410154447122882,9.80286965344e-14,9.80286965344e-14,9.80286965344e-14,2031.102116,1.0000000000001,2031.102116,0.0000489,9.796963667,1.04101544483982,1,0.733725136,2
"93",93,0.238765841189624,0.430506714,0.923953005,0.815695025410612,7.76008947724671e-14,0.184304974434264,0.0418400387225393,0.63290075058578,7.76008947724671e-14,7.76008947724671e-14,0.00911128956557837,3018.789809,1.00000000000008,1831.074946,0.000311703,9.2515625,1.6838520790835,1,0.493446291,2
"94",94,0.168817605050402,0.489277704,1.231282067,0.985030303425446,8.85412918326494e-14,0.0149696972298487,0.05435283044809,0.329285069726642,8.85412918326494e-14,8.85412918326494e-14,8.85412918326494e-14,2237.858591,1.00000000000009,2088.788801,0.000466996,6.15801625,1.38363790094513,1,0.742004363,1
"95",95,0.228466344890771,0.425507246,1.179565217,1.00000000000008,8.16982372048221e-14,8.16982372048221e-14,8.16982372048221e-14,0.300000168380091,8.16982372048221e-14,8.16982372048221e-14,8.16982372048221e-14,1991.764518,1.00000000000008,1991.764518,0.000167232,6.8078786,1.30000016878866,1,0.754057971,1
"96",96,0.184327806244803,0.766282749,1.448124308,1.00000000000008,7.59815727726997e-14,7.59815727726997e-14,0.0202734205710103,0.404515328052196,7.59815727726997e-14,7.59815727726997e-14,7.59815727726997e-14,2027.136026,1.00000000000008,2027.136026,0.00044484,6.744116,1.42478874892721,1,0.681841559,1
"97",97,0.226953138038759,0.249244971,0.950054134,0.995718940729453,7.03756748247855e-14,7.03756748247855e-14,7.03756748247855e-14,0.148945015852631,7.03756748247855e-14,7.03756748247855e-14,7.03756748247855e-14,2226.793338,1.00000000000007,2076.953145,0.000137518,8.249262667,1.14894501564157,1,0.700809163,2
"98",98,0.229943645382374,0.380630118,1.684770246,0.996118580577921,7.19578774358709e-14,7.19578774358709e-14,7.19578774358709e-14,0.0619696293013857,7.19578774358709e-14,7.19578774358709e-14,0.00224404480456103,2037.491252,1.00000000000007,1986.012753,0.000126043,7.506343,1.06421367424274,1,1.304140128,2
"99",99,0.0898741837452525,1.932727273,3.358181818,0.915196027853932,6.87349994885132e-14,0.033948310180627,0.0668065768177005,0.087349858171177,6.87349994885132e-14,6.87349994885132e-14,6.87349994885132e-14,2885.900565,1.00000000000007,2246.619003,0.000374086,13.99288675,1.15415643531887,1,1.425454545,1
"100",100,0.291886064100643,1.334730539,3.51257485,0.977263919908643,7.98289445174522e-14,0.0227360801473169,7.98289445174522e-14,7.98289445174522e-14,7.98289445174522e-14,7.98289445174522e-14,7.98289445174522e-14,2526.608642,1.00000000000008,1993.389437,0.00046264,5.38328675,1.00000000000008,1,2.177844311,2
"101",101,0.146502647320611,1.292274575,3.03109304,1.00000000000008,7.57604416832596e-14,7.57604416832596e-14,7.57604416832596e-14,7.57604416832596e-14,7.57604416832596e-14,7.57604416832596e-14,7.57604416832596e-14,2038.407947,1.00000000000008,2038.407947,0.000466572,8.4268462,1.00000000000008,1,1.738818465,1
"102",102,0.201372781502488,1.259920983,3.36571554,0.987773190714361,7.79132886555327e-14,0.0122268093558386,7.79132886555327e-14,0.0762624104415634,7.79132886555327e-14,7.79132886555327e-14,7.79132886555327e-14,2326.241542,1.00000000000008,1988.562852,0.000227379,6.28156175,1.07626241047281,1,2.105794557,1
"103",103,0.243668510390071,0.213389395,0.416517799,0.703774197900327,7.45157421804229e-14,0.296225802025232,7.45157421804229e-14,3.85140232915181,7.45157421804229e-14,7.45157421804229e-14,7.45157421804229e-14,4980.430139,1.00000000000007,1984.405619,0.00010889,10.248524,4.85140232840672,1,0.203128404,2
"104",104,0.175987951704313,0.367086039,0.757102273,0.847033445214944,5.72021997181409e-14,0.152966554613449,0.0347566863792826,3.28754236039542,0.255534396480947,5.72021997181409e-14,5.72021997181409e-14,6056.673625,1.25553439648095,3093.250421,0.000866516,3.031115667,4.57783344322133,1,0.390016234,2
"105",105,0.269804963367017,0.219198629,0.407399471,0.91263308021898,9.30421857962518e-14,0.0845662168730977,0.21021292989952,2.37259132144012,0.74564103167703,0.00280070261949162,9.30421857962518e-14,4872.915615,1.74564103167703,2256.830354,0.0001533,6.041015,4.32844528217929,1,0.188200842,1
"106",106,0.240302401840785,0.383979302,0.726258117,0.928900408095544,1.01616196015225e-13,0.0643956284479635,0.254652307639316,0.55568957082246,1.01616196015225e-13,0.00670396346675566,1.01616196015225e-13,2423.772279,1.0000000000001,1964.339321,0.000199385,6.065671,1.81034187886834,1,0.342278815,1
"107",107,0.263161644475916,0.436060277,0.851366349,0.862186731212567,9.72485181796671e-14,0.120060491596902,0.240699335302187,1.79721565828464,0.202250311299873,0.017752777453102,9.72485181796671e-14,4262.159688,1.20225031129987,1989.361851,0.00044421,4.435881333,3.24016530430321,1,0.415306072,1
"108",108,0.242175543335104,0.294375668,0.495502316,0.924835605428824,9.67071087261279e-14,0.000435524448480997,0.315426896004372,3.64985070959137,0.00649523715952848,0.0747288697552076,9.67071087261279e-14,3492.216922,1.00649523715953,2410.444449,0.000405953,5.844819667,4.97177284256185,1,0.201126648,1
"109",109,0.214767768533938,0.280764764,0.651857996,0.962756973235265,8.05515272239119e-14,0.0372430264586386,0.0791989075253573,3.50956718195606,0.0666282175324469,8.05515272239119e-14,8.05515272239119e-14,3996.914044,1.06662821753245,2563.501553,0.00035521,6.09443,4.65539430627279,1,0.371093232,1
"110",110,0.17655842190348,0.475832311,0.822065231,1.00000000000007,7.05533579305624e-14,7.05533579305624e-14,0.119791697461746,3.72044948201028,7.05533579305624e-14,7.05533579305624e-14,7.05533579305624e-14,3359.166831,1.00000000000007,3359.166831,0.000681092,5.2858114,4.84024117897822,1,0.34623292,1
"111",111,0.112064944880261,0.814841191,2.601552485,1.00000000000009,8.51330130924014e-14,8.51330130924014e-14,0.016537142380487,0.806153950779768,8.51330130924014e-14,8.51330130924014e-14,8.51330130924014e-14,2074.159705,1.00000000000009,2074.159705,0.000453292,6.5905565,1.82269109331358,1,1.786711294,1
"112",112,0.130705446718567,1.407656791,3.786071566,1.00000000000008,8.29908288685782e-14,8.29908288685782e-14,0.00676718443933899,0.572764760597619,8.29908288685782e-14,8.29908288685782e-14,8.29908288685782e-14,1983.66484,1.00000000000008,1983.66484,0.000534055,6.214316,1.57953194498725,1,2.378414775,1
"113",113,0.178614086614133,0.878483688,2.01611412,0.996827475748001,7.70688985116867e-14,0.00317252445245505,7.70688985116867e-14,0.25752340568192,7.70688985116867e-14,7.70688985116867e-14,7.70688985116867e-14,2047.858757,1.00000000000008,1996.924511,0.00036548,7.390939,1.25752340537372,1,1.137630432,1
"114",114,0.322861590632584,0.553550902,1.940726673,0.985212030406465,7.48870189841607e-14,0.0147879693240165,7.48870189841607e-14,0.0961541879238066,7.48870189841607e-14,7.48870189841607e-14,7.48870189841607e-14,2446.586425,1.00000000000008,2007.374681,0.000544212,6.6907885,1.09615418799877,1,1.387175771,3
"115",115,0.188134591309246,0.133485543,0.571587919,1.00000000000009,9.32260211959571e-14,9.32260211959571e-14,9.32260211959571e-14,9.32260211959571e-14,9.32260211959571e-14,9.32260211959571e-14,9.32260211959571e-14,2001.580328,1.00000000000009,2001.580328,0.0001558,7.1613555,1.00000000000009,1,0.438102376,1
"116",116,0.33752068258995,0.51391817,1.559120958,1.00000000000009,8.65440984718213e-14,8.65440984718213e-14,0.0160631669450646,8.65440984718213e-14,8.65440984718213e-14,8.65440984718213e-14,8.65440984718213e-14,2179.771626,1.00000000000009,2179.771626,0.000315684,7.2667885,1.01606316711824,1,1.045202788,3
"117",117,0.25927973203621,0.315840899,0.827891544,1.00000000000009,9.47548426528083e-14,9.47548426528083e-14,9.47548426528083e-14,9.47548426528083e-14,9.47548426528083e-14,9.47548426528083e-14,9.47548426528083e-14,2002.176842,1.00000000000009,2002.176842,0.000188269,10.50974033,1.00000000000009,1,0.512050645,1
"118",118,0.45156113335757,0.887977099,1.5,0.896616657433064,0.103383343298605,8.22100293170467e-14,0.0185621615953434,0.804980737401696,0.00495167842368476,8.22100293170467e-14,8.22100293170467e-14,3184.978129,1.00495167842368,2008.324736,0.00054243,7.016332167,1.8284945775687,1,0.612022901,3
"119",119,0.475589939193392,0.349029603,0.696993754,0.92279310054171,8.18765853096789e-14,0.0772068995483544,0.0839090626441332,0.988621789979043,0.0281147119983473,8.18765853096789e-14,8.18765853096789e-14,4230.04792,1.02811471199835,3210.214929,0.000636479,5.880186,2.10064556462152,1,0.347964151,3
"120",120,0.231323548851298,0.625984252,1.663410745,0.969984543608054,8.76779943153775e-14,0.0300154565409987,0.0273036619960449,2.22345048415027,0.0142355361539108,8.76779943153775e-14,8.76779943153775e-14,2799.189808,1.01423553615391,2014.158013,0.000662868,5.67236425,3.26498968247558,1,1.037426493,1
"121",121,0.502007519571444,0.814711213,1.675754472,0.776091430205213,0.15654404893398,0.0673645207417235,0.264555583618883,0.991505538373165,0.00426897229389162,7.44275195813968e-14,7.44275195813968e-14,5319.352221,1.00426897229389,1928.463406,0.00069109,4.38459175,2.26033009421151,1,0.861043259,3
"122",122,0.34168369242281,0.439544176,0.924041734,1.0000000000799,1.14145985246079e-13,1.14145985246079e-13,0.420130279250272,0.983100336764338,0.0207227253155036,1.14145985246079e-13,1.14145985246079e-13,2842.640935,1.0207227253155,2449.016989,0.000517705,5.2705152,2.42395334087353,1,0.484497558,2
"123",123,0.335116723593593,1.044685913,1.939497203,0.986685938576317,0.0133140614891422,1.0909887887311e-13,0.211687183087684,0.349581239077278,0.0258940144381942,1.0909887887311e-13,1.0909887887311e-13,2735.653161,1.02589401443819,2089.787459,0.000779402,4.46276,1.58716243616676,1,0.89481129,2
"124",124,0.30245167256436,0.898688047,1.803061224,0.974724155223004,0.00603111654061405,0.0192447280212715,0.0162012494155869,0.763388655799585,0.0430697002038609,8.96291617996102e-14,8.96291617996102e-14,2865.913478,1.04306970020386,2056.024994,0.000712891,5.430218,1.82265960533837,1,0.904373177,2
"125",125,0.271765166961049,0.670415094,1.665645283,0.985276590987061,9.67199239678581e-14,0.0147234087615636,0.11280088957803,0.810629413832548,9.67199239678581e-14,9.67199239678581e-14,9.67199239678581e-14,3565.611491,1.0000000000001,3296.148512,0.000806183,5.4401522,1.92343030263692,1,0.995230189,1
"126",126,0.213972972443231,0.321238938,1.281043316,1.00000000000011,1.05410378956547e-13,1.05410378956547e-13,0.00844728339710843,1.05410378956547e-13,1.05410378956547e-13,1.05410378956547e-13,1.05410378956547e-13,2030.781578,1.00000000000011,2030.781578,0.000588937,4.578115,1.00844728334451,1,0.959804378,1
"127",127,0.266740158078186,0.650107411,2.545247046,0.945633000475917,0.0418824552766982,0.0124845438982448,0.244300094060429,0.0510733743543268,8.51768851551655e-14,8.51768851551655e-14,8.51768851551655e-14,3227.06636,1.00000000000009,2388.723844,0.000231914,5.267871,1.29537346799747,1,1.895139635,2
"128",128,0.191376818273359,0.63772942,2.179431581,0.982570065548223,0.017429934643642,9.58847647385695e-14,0.127979974700855,0.333237826514408,9.58847647385695e-14,9.58847647385695e-14,9.58847647385695e-14,2669.434222,1.0000000000001,2118.756836,0.000297158,5.004495,1.46121780083182,1,1.541702161,1
"129",129,0.190811703130646,0.566886511,1.399016924,0.975758864934148,1.09575284504335e-13,0.0199192110412545,0.17903722847632,1.34027795882445,1.09575284504335e-13,0.00432192400279193,1.09575284504335e-13,2813.265727,1.00000000000011,2371.16976,0.000408391,4.290041333,2.51931518741045,1,0.832130413,1
"130",130,0.137521985870201,1.350894819,2.102166405,0.896896320114291,8.3773226549435e-14,0.10310367925741,0.156579118038679,0.839929037410439,0.0213499921848522,8.3773226549435e-14,8.3773226549435e-14,4071.852275,1.02134999218485,2356.565814,0.000932803,5.3911985,2.01785814654492,1,0.751271586,1
"131",131,0.204944650698752,1.094238976,2.186699858,0.999999999753072,7.71649837265162e-14,7.71649837265162e-14,0.0421125107707166,1.63153139477535,0.0269611850211217,7.71649837265162e-14,7.71649837265162e-14,3276.131379,1.02696118502112,2549.75926,0.000701112,5.224902,2.70060508955633,1,1.092460882,1
"132",132,0.242208450619469,1.078698249,2.180981595,0.941992650138395,7.75092230123498e-14,0.0580073494276309,0.00402362313077452,0.22729849349464,7.75092230123498e-14,7.75092230123498e-14,7.75092230123498e-14,2504.978147,1.00000000000008,1961.345411,0.001117653,5.11689875,1.23132211616044,1,1.102283346,2
"133",133,0.223805851559082,0.382035212,1.315321816,0.960850994112179,9.22991831466074e-14,0.0391490058602237,0.0408849542951143,0.500295452546573,9.22991831466074e-14,9.22991831466074e-14,9.22991831466074e-14,2979.488467,1.00000000000009,2195.748659,0.000106842,5.27836,1.54118040614954,1,0.933286604,1
"134",134,0.165756826828503,0.657192704,2.016114195,1.00000000000011,1.11353194552142e-13,1.11353194552142e-13,0.0232597063795052,0.0118667312994918,1.11353194552142e-13,1.11353194552142e-13,1.11353194552142e-13,2032.162616,1.00000000000011,2032.162616,0.000193724,5.452698667,1.03512643771251,1,1.358921491,1
"135",135,0.152724771833703,0.523595566,0.877448343,0.534388359806302,5.46025390081292e-14,0.465611640412163,0.127588460403595,0.674580316025958,5.46025390081292e-14,5.46025390081292e-14,5.46025390081292e-14,6856.775733,1.00000000000005,2073.191282,0.000591428,4.43924,1.80216877703024,1,0.353852777,1
"136",136,0.174791435555261,0.463751438,1.088607595,0.930189376041562,8.51104985095549e-14,0.0698106238137501,0.257585735256167,2.02060623182166,0.140546199791998,8.51104985095549e-14,8.51104985095549e-14,5907.814406,1.140546199792,3142.511948,0.000750458,4.7320375,3.41873816721027,1,0.624856157,1
"137",137,0.306479244148391,0.555658011,0.921540443,0.845806206245403,0.0902442440514771,0.0639495495688614,0.416780305566559,0.908434711253036,0.0152251994336855,9.58987061311691e-14,9.58987061311691e-14,3469.14915,1.01522519943369,1997.584849,0.000732,4.214,2.34044021606148,1,0.365882432,2
"138",138,0.404066186056541,0.775717268,1.153433714,0.443911306609879,4.64568547294367e-14,0.556088693733901,0.0946439576155032,1.8111818952662,0.00711250252711968,4.64568547294367e-14,4.64568547294367e-14,9169.510552,1.00711250252712,2147.221937,0.000586,4.668526,2.91293835564111,1,0.377716446,3
"139",139,0.156787913389371,0.707348491,1.093196161,0.592468907754282,4.78159019922914e-14,0.407531092489579,0.0951708428623136,1.48047376034463,0.0274577599089165,4.78159019922914e-14,4.78159019922914e-14,7506.43403,1.02745775990892,1929.54154,0.001236818,3.7747515,2.60310236316368,1,0.38584767,2
"140",140,0.247917091332789,0.634942738,1.320132743,0.907243454300175,7.23842113635702e-14,0.0927565458446657,0.103217211676452,0.319174090878794,7.23842113635702e-14,7.23842113635702e-14,7.23842113635702e-14,3567.056879,1.00000000000007,1969.564735,0.000277091,4.810272,1.42239130255532,1,0.685190005,2
"141",141,0.195554027833994,0.536421812,1.054462523,0.562167234805587,0.106168923800832,0.331663841533331,0.337123492808683,0.785145892157089,0.0027247378356941,6.07606118075387e-14,6.07606118075387e-14,5623.597331,1.00272473783569,1723.294626,0.000650104,4.13462,2.12499412255842,1,0.518040711,2
"142",142,0.142477731087763,0.469427539,0.873554583,0.588343951930226,5.46565271587421e-14,0.411656047894873,0.0456944536208594,2.25337241388507,0.00809567609285588,5.46565271587421e-14,5.46565271587421e-14,5513.793945,1.00809567609286,1770.288954,0.000415855,4.154195,3.30716254319979,1,0.404127044,1
"143",143,0.272812319344585,1.094002521,1.463933576,0.68668884561887,0.233467824638645,0.0798433296975484,0.080595938286695,1.39435708264025,4.49825561088596e-14,4.49825561088596e-14,4.49825561088596e-14,7147.742318,1.00000000000005,2755.407598,0.000826562,3.467627,2.4749530211519,1,0.369931055,3
"144",144,0.288186934291133,0.680273834,1.137508452,0.86059192464138,0.104403666812118,0.0350044083484404,0.0363207994244419,0.860989815301259,6.60425742900447e-14,6.60425742900447e-14,6.60425742900447e-14,3756.959964,1.00000000000007,1942.322474,0.00042176,4.164661,1.89731061521448,1,0.457234618,3
"145",145,0.251184734628757,0.628243398,1.362916188,0.911005121285147,0.0889249591287147,0.000069920126899557,0.0692329520121161,0.267251743234421,8.86348307372624e-14,8.86348307372624e-14,8.86348307372624e-14,2583.086543,1.00000000000009,2012.19385,0.000426318,4.66274,1.33648469510481,1,0.73467279,1
"146",146,0.233799131109987,0.706772334,1.512714019,0.910679346521711,0.0893206534783942,1.04756955535514e-13,0.249675305213991,0.788738974423615,1.04756955535514e-13,1.04756955535514e-13,1.04756955535514e-13,3001.502271,1.0000000000001,2083.56734,0.000453606,4.401674,2.0384142794282,1,0.805941685,1
"147",147,0.24307368851971,0.657942979,1.117445688,0.808014353810475,0.0748307024796464,0.117154943559229,0.261082127274081,2.4702375712942,0.00675339875418744,6.84772501586315e-14,6.84772501586315e-14,5612.06721,1.00675339875419,2701.403526,0.000803589,3.754955333,3.73807309773333,1,0.459502709,2
"148",148,0.318276698561086,0.738821371,1.556194107,0.831110126285789,0.11294980504252,0.0168395928938311,0.30888470711136,1.01585534336012,0.0118181489102186,0.0391004762969273,7.63335357684987e-14,5885.462992,1.01181814891022,2534.945209,0.000919657,2.656526,2.33655819968703,1,0.817372736,3
"149",149,0.23388396187292,0.355761144,0.809023189,0.802118386239963,0.00212118477581909,0.195760428906391,0.100685455873505,2.21445194377084,0.0196968866378152,7.07517119762084e-14,7.07517119762084e-14,5009.069017,1.01969688663782,2994.558853,0.000480441,3.8945822,3.33483428635291,1,0.453262045,2
"150",150,0.276557272658745,0.349477904,0.805169681,0.826635313541967,0.0984592294824346,0.0749054567951712,0.0594631754756095,2.61280404765967,0.00719570399446705,7.21706973247119e-14,7.21706973247119e-14,5132.326918,1.00719570399447,2341.638043,0.000559758,5.187722,3.67946292705036,1,0.455691777,3
"151",151,0.307951809512272,0.764432566,1.356784539,0.926113251306339,7.66500748050358e-14,0.0738867488009707,0.115717155832986,1.64699761898935,0.0000815898731909287,7.66500748050358e-14,7.66500748050358e-14,4371.809601,1.00008158987319,3118.927735,0.000633384,5.1159325,2.76279636507877,1,0.592351973,3
"152",152,0.148070906263378,0.512914514,1.231022102,0.812475339635099,8.77934076552331e-14,0.173027008349757,0.0996586568500793,1.39926061975163,0.00549040295217304,0.0144976523926555,8.77934076552331e-14,4395.768016,1.00549040295217,2219.972811,0.000641256,5.0614035,2.50440968043182,1,0.718107588,1
"153",153,0.129026262237482,0.873198498,1.458883372,0.971599440957252,0.000536139614522446,0.0278644198732798,0.022671219370721,1.87484928658577,8.24021418182311e-14,8.24021418182311e-14,8.24021418182311e-14,2897.69869,1.00000000000008,2379.596111,0.000619781,4.5391064,2.89752050628618,1,0.585684874,1
"154",154,0.298503330912554,0.691861771,1.267918932,0.769464116712683,0.20968774072311,0.0208481424321725,0.0694861546194784,1.83741410887588,8.25731195729035e-14,8.25731195729035e-14,8.25731195729035e-14,4279.247232,1.00000000000008,2179.735491,0.000979669,4.093778,2.9069002634459,1,0.576057161,2
"155",155,0.190581433060819,0.686498856,1.361985126,0.980245320923041,0.019754678760637,9.88816416127729e-14,0.163313074235188,0.88484177074915,9.88816416127729e-14,9.88816416127729e-14,9.88816416127729e-14,3184.780354,1.0000000000001,2964.540569,0.000764692,5.296831,2.04815484429227,1,0.67548627,1
"156",156,0.312416401125889,0.585798817,1.215158829,0.697761379362413,0.203038675888058,0.0991999446063937,0.587104354253686,1.02043063085503,0.00318469382394165,8.41972190165813e-14,8.41972190165813e-14,5725.224764,1.00318469382394,2669.988106,0.001376544,5.727175,2.61071967943784,1,0.629360012,2
"157",157,0.310613046717538,0.660915493,1.805809859,0.710725386849333,0.00798143161125757,0.281293181482836,0.269865859084732,1.24887312027442,0.051009597169916,8.08191479333738e-14,8.08191479333738e-14,5090.975901,1.05100959716992,2211.738697,0.000850567,2.53344125,2.5697485770948,1,1.144894366,3
"158",158,0.242230037320924,0.447128405,0.938241245,0.786493723861129,8.0261826689399e-14,0.213506276058609,0.354392010901634,3.08047915019281,0.18189417008202,8.0261826689399e-14,8.0261826689399e-14,5918.774739,1.18189417008202,2358.252731,0.000890992,4.6844175,4.6167653306949,1,0.49111284,2
"159",159,0.283629059265162,0.410372535,0.653834916,0.820770064732437,8.10401675481697e-14,0.179229934846154,0.144695787420617,1.92981066464695,0.0448177825837231,8.10401675481697e-14,8.10401675481697e-14,3358.326637,1.04481778258372,1955.155582,0.0004739,4.503315833,3.11932423440817,1,0.243462381,2
"160",160,0.242245402004434,0.505901314,1.265311183,0.877656968487121,8.4833855186404e-14,0.122343031258377,0.259083631342161,2.33147340487131,0.140073318953909,8.4833855186404e-14,8.4833855186404e-14,4726.469482,1.14007331895391,2033.640349,0.000720913,4.33394,3.73063035508255,1,0.759409869,1
"161",161,0.158954772375197,1.383196721,2.8375,0.875302776769284,0.0816794411887775,0.0430177820032245,0.111277212458405,0.222944756513016,7.75821291731603e-14,7.75821291731603e-14,7.75821291731603e-14,3708.545139,1.00000000000008,2190.264943,0.000940849,3.850175833,1.33422196912666,1,1.454303279,1
"162",162,0.29249096348436,0.770279625,1.568028781,0.595608590869535,0.30945012407493,0.0920170015224584,0.310280556172578,2.17548849113637,0.00871979143813079,0.00292428370126583,6.46883548361575e-14,7076.049929,1.00871979143813,2156.46573,0.00135641,3.419583125,3.49448883900583,1,0.797749156,3
"163",163,0.184682547224091,0.509437949,1.476545992,0.774778088890131,0.189785395352544,0.0354365154928617,0.366911574546313,1.12206327624364,0.0260824873451552,6.15029207037447e-14,6.15029207037447e-14,5200.154459,1.02608248734516,2531.303943,0.001037151,3.58049,2.5150573380121,1,0.967108043,2
"164",164,0.258056833092114,0.567267421,0.954983923,0.629209760606396,0.275169319610895,0.0754730702176674,0.666750363376865,1.78192759010454,0.0157581052722303,0.0201478494135469,6.88613873556646e-14,8148.744925,1.01575810527223,2036.754399,0.000739612,4.331407111,3.46443605847819,1,0.387716502,3
"165",165,0.22915590361568,0.401583929,0.959380778,0.851489117947885,0.0131801783486063,0.126275619294139,0.849519375610708,0.973098415285273,0.0407932483638205,0.00905508426771993,1.01178074215217e-13,4116.527083,1.04079324836382,1979.91061,0.000978971,2.858796667,2.8634110392598,1,0.557796849,1
"166",166,0.244235168120732,0.358600749,0.838356164,0.724038170047537,0.0869446137854707,0.184768166828595,0.191945213808518,3.24598013284774,0.0401743425434016,0.00424904946675965,7.55072837426491e-14,6755.069029,1.0401743425434,2418.096441,0.001246102,3.46880725,4.47809968919966,1,0.479755415,2
"167",167,0.215111436775318,0.653827751,1.311154306,0.770692670758043,0.222971220974743,0.00633610802178354,0.348732466064851,2.83783029779077,0.0345851322544484,7.218541985699e-14,7.218541985699e-14,6611.290813,1.03458513225445,2479.733586,0.001596291,2.798053875,4.22114789553259,1,0.657326555,2
"168",168,0.298676129103686,1.197361872,2.31371329,0.756372415762205,0.195355051327084,0.0450692979725447,0.211425327793263,0.999999379286776,5.55696758410619e-14,0.00320323512160193,5.55696758410619e-14,6962.191777,1.00000000000006,2283.40395,0.00117548,2.7838272,2.21142470702452,1,1.116351418,3
"169",169,0.211452223692636,0.742279979,1.422238338,0.86772384446932,0.0951482612177196,0.0371278941267763,0.0429547975752974,1.61993395119986,0.0620176177129123,6.42014370478829e-14,6.42014370478829e-14,5437.562676,1.06201761771291,2422.152975,0.000561079,4.1196935,2.72490636600014,1,0.679958359,2
"170",170,0.224345074192456,0.666692044,1.404415683,0.970394423182422,7.61999218538316e-14,0.0296055766042179,0.203231797279194,1.89088200929837,0.0129456444543867,7.61999218538316e-14,7.61999218538316e-14,4153.032377,1.01294564445439,3553.892923,0.001104421,3.637633,3.10705945110815,1,0.737723639,2
"171",171,0.19500403322876,0.843457618,1.862728669,0.902599421542669,0.0974005783783806,7.90292231677236e-14,0.25796489857467,1.2300388618382,7.90292231677236e-14,7.90292231677236e-14,7.90292231677236e-14,4197.998521,1.00000000000008,2435.144435,0.001205403,3.7541688,2.48800376025489,1,1.019271051,1
"172",172,0.171580924056964,0.574574607,1.745664267,0.95528617764232,8.66627762995383e-14,0.0447138225397581,8.66627762995383e-14,0.464060012270571,8.66627762995383e-14,8.66627762995383e-14,8.66627762995383e-14,2591.976948,1.00000000000009,1971.328731,0.000599164,4.410098,1.46406001201067,1,1.17108966,1
"173",173,0.207529292817087,0.403912543,1.079939864,0.933661870242398,0.0552622374980486,0.011075892330218,0.085077698737282,0.522965082607923,1.17579242353441e-13,1.17579242353441e-13,1.17579242353441e-13,2548.491488,1.00000000000012,2038.479373,0.000665466,3.904248,1.60804278166279,1,0.676027321,1
"174",174,0.23979998020597,0.764146751,1.437524689,0.546070138512418,0.159903280822161,0.287457078978534,0.448063567725615,1.10911394275178,7.12287669529867e-14,0.00656950185790776,7.12287669529867e-14,6934.890092,1.00000000000007,1906.376677,0.001137215,3.897888,2.55717751118975,1,0.673377938,2
"175",175,0.169112318708808,0.676996071,1.136110905,0.613316814246536,6.08965903886809e-14,0.38668318599705,0.354835540866371,3.70152238188165,0.0918954670635628,6.08965903886809e-14,6.08965903886809e-14,10324.49265,1.09189546706356,2592.999052,0.001885113,1.9025622,5.14825339023786,1,0.459114834,1
"176",176,0.312680130695602,0.935717319,1.49647689,0.846754650687402,5.54370724802154e-14,0.153245349124112,0.434171238182734,1.50745169031571,0.0492729205907657,5.54370724802154e-14,5.54370724802154e-14,7171.099802,1.04927292059077,3444.346608,0.001340607,2.8437105,2.99089584859027,1,0.560759571,3
"177",177,0.395610118097734,0.536154626,1.090983694,0.460089546582108,0.385584149435388,0.154326303982504,0.398141821171726,1.77882159880116,0.0698109618400704,4.99366324882395e-14,4.99366324882395e-14,8966.660449,1.06981096184007,2203.457535,0.000491882,4.483541067,3.24677438171308,1,0.554829068,3
"178",178,0.363895614442112,0.712127513,1.171195523,0.606178736220894,0.256520941909734,0.137300321956914,0.187786453219262,3.14245190061768,0.0170935890508355,4.86341002255577e-14,4.86341002255577e-14,9751.58646,1.01709358905084,2072.198577,0.002131462,3.66031,4.34733194288777,1,0.45906801,3
