RKM_2008,Habitat_area,area_1m,area_2m,perc_1m,perc_2m,MainChannel_Area,SideChannel_Area,Alcove_Area,BareBar_Area,VegetatedBar_Area,DisconnectedWater_Area,InverseAlcove_Area,Bedrock_Area,AllWetLength,AllWetArea,MainChannelLength,Slope,Floodplain_elevation,Polygon_area
189,74823.14112,119871,197145,0.712127513,1.171195523,124640.6808,52745.07819,28231.28655,38612.0957,646141.6755,3514.733278,NA,NA,9751.58646,209131.7788,2072.198577,0.002131462,3.66031,893885.55
188,79222.42618,80361,163521,0.536154626,1.090983694,92134.67622,77214.68794,30904.42753,79729.40932,356215.7699,13979.90981,NA,NA,8966.660449,214233.7015,2203.457535,0.000491882,4.483541067,650178.8807
187,56402.71333,107964,172665,0.935717319,1.49647689,152741.5884,NA,27643.11719,78317.85099,271921.2294,8888.081276,NA,NA,7171.099802,189272.7869,3444.346608,0.001340607,2.8437105,539511.8672
186,27770.40843,82188,137925,0.676996071,1.136110905,100714.4752,NA,63498.33111,58268.53993,607837.3778,15090.41253,NA,NA,10324.49265,179303.2188,2592.999052,0.001885113,1.9025622,845409.1366
184,33666.17035,61902,116451,0.764146751,1.437524689,76664.26949,22449.25578,40356.87985,62904.8609,155711.518,NA,922.310204,NA,6934.890092,140392.7153,1906.376677,0.001137215,3.897888,359009.0943
183,17650.16415,21762,58185,0.403912543,1.079939864,79407.03236,4699.999455,941.993851,7235.775383,44477.67073,NA,NA,NA,2548.491488,85049.02566,2038.479373,0.000665466,3.904248,136762.4718
182,19798.68767,35118,106695,0.574574607,1.745664267,110230.2763,NA,5159.518821,NA,53547.78973,NA,NA,NA,2591.976948,115389.7951,1971.328731,0.000599164,4.410098,168937.5848
181,24674.92725,54360,120051,0.843457618,1.862728669,114210.8432,12324.62809,NA,32641.71002,155643.5471,NA,NA,NA,4197.998521,126535.4713,2435.144435,0.001205403,3.7541688,314820.7284
180,29441.64098,52542,110682,0.666692044,1.404415683,127348.4801,NA,3885.250258,26670.86689,248147.4998,1698.905214,NA,NA,4153.032377,132932.6356,3553.892923,0.001104421,3.637633,407751.0023
179,32935.74621,63459,121590,0.742279979,1.422238338,135156.452,14820.2697,5783.031632,6690.628676,252320.5127,9659.848839,NA,NA,5437.562676,165419.6022,2422.152975,0.000561079,4.1196935,424430.7435
178,53748.04236,86598,167337,1.197361872,2.31371329,136112.4398,35154.97407,8110.412251,38046.88881,179954.1502,NA,576.435812,NA,6962.191777,179954.2619,2283.40395,0.00117548,2.7838272,397955.3009
177,29799.84562,65592,131535,0.653827751,1.311154306,106765.6976,30888.67827,877.754543,48310.65148,393130.677,4791.152053,NA,NA,6611.290813,143323.2825,2479.733586,0.001596291,2.798053875,584764.6109
175,32345.90837,37827,88434,0.358600749,0.838356164,95889.84455,11514.73202,24470.24415,25420.7547,429889.6705,5320.591677,562.73372,NA,6755.069029,137758.1461,2418.096441,0.001246102,3.46880725,593068.5713
174,22648.77103,29106,69534,0.401583929,0.959380778,84157.47429,1302.671399,12480.532,83962.79354,96176.80736,4031.826923,894.965074,NA,4116.527083,102867.4697,1979.91061,0.000978971,2.858796667,283007.0706
173,37474.82341,62982,106029,0.567267421,0.954983923,91373.37843,39959.88611,10960.14372,96824.99714,258770.2134,2288.380452,2925.855866,NA,8148.744925,147507.6446,2036.754399,0.000739612,4.331407111,503102.8551
172,30028.2564,43398,125784,0.509437949,1.476545992,125974.1944,30857.9484,5761.761407,59657.58542,182440.6489,4240.85345,NA,NA,5200.154459,166834.7577,2531.303943,0.001037151,3.58049,408932.992
171,45215.39684,73440,149499,0.770279625,1.568028781,92073.54127,47837.06818,14224.6625,47965.44246,336302.9554,1347.969269,452.057207,NA,7076.049929,155935.2984,2156.46573,0.00135641,3.419583125,540203.6963
170,20488.58082,60750,124623,1.383196721,2.8375,112822.732,10528.12575,5544.805545,14343.15011,28736.61227,NA,NA,NA,3708.545139,128895.6633,2190.264943,0.000940849,3.850175833,171975.4257
169,28555.27448,40806,102060,0.505901314,1.265311183,103455.9807,NA,14421.48668,30540.12231,274828.1803,16511.48809,NA,NA,4726.469482,134388.9555,2033.640349,0.000720913,4.33394,439757.2581
168,34998.5776,50562,80559,0.410372535,0.653834916,101279.4136,NA,22116.18513,17854.82333,238130.1425,5530.317118,NA,NA,3358.326637,128925.9159,1955.155582,0.0004739,4.503315833,384910.8817
167,30179.98061,43092,90423,0.447128405,0.938241245,97991.00722,NA,26601.22313,44154.49106,383803.7679,22662.60034,NA,NA,5918.774739,147254.8307,2358.252731,0.000890992,4.6844175,575213.0896
166,38433.1009,33786,92313,0.660915493,1.805809859,87940.22271,987.566909,34805.26443,33391.32693,154526.8853,6311.573244,NA,NA,5090.975901,130044.6273,2211.738697,0.000850567,2.53344125,317962.8396
164,37105.31117,45144,93645,0.585798817,1.215158829,82872.25962,24114.65346,11781.85524,69729.66104,121195.2892,378.242163,NA,NA,5725.224764,119147.0105,2669.988106,0.001376544,5.727175,310071.9608
163,19273.69226,43200,85707,0.686498856,1.361985126,99133.19651,1997.810558,NA,16516.01567,89484.9394,NA,NA,NA,3184.780354,101131.0071,2964.540569,0.000764692,5.296831,207131.9621
162,36150.1821,46188,84645,0.691861771,1.267918932,93185.78742,25394.18903,2524.809834,8415.105906,222519.643,NA,NA,NA,4279.247232,121104.7863,2179.735491,0.000979669,4.093778,352039.5352
161,15658.11997,64890,108414,0.873198498,1.458883372,117909.4887,65.063796,3381.516458,2751.29006,227524.3392,NA,NA,NA,2897.69869,121356.0689,2379.596111,0.000619781,4.5391064,351631.6982
160,16865.83426,33858,81261,0.512914514,1.231022102,92544.00317,NA,19708.42834,11351.4966,159381.058,625.377588,1651.337245,NA,4395.768016,114529.1463,2219.972811,0.000641256,5.0614035,285261.701
159,40176.32211,55773,98991,0.764432566,1.356784539,120823.5287,NA,9639.488153,15096.80925,214872.2781,10.644461,NA,NA,4371.809601,130473.6613,3118.927735,0.000633384,5.1159325,360442.7487
158,38319.88368,44982,103635,0.349477904,0.805169681,114538.9118,13642.54928,10378.92934,8239.240811,362031.149,997.039555,NA,NA,5132.326918,139557.43,2341.638043,0.000559758,5.187722,509827.8198
156,33057.0039,35532,80802,0.355761144,0.809023189,113370.8802,299.806848,27668.64906,14230.81549,312989.1676,2783.944881,NA,NA,5009.069017,144123.281,2994.558853,0.000480441,3.8945822,471343.2641
155,41695.52679,51552,108585,0.738821371,1.556194107,108878.7671,14796.87845,2206.054354,40465.13816,133081.1331,1548.225009,5122.319555,NA,5885.462992,132552.2444,2534.945209,0.000919657,2.656526,306098.5157
154,35496.99907,64962,110331,0.657942979,1.117445688,117997.4885,10927.81943,17108.59348,38126.84164,360738.43,986.225168,NA,NA,5612.06721,147020.1266,2701.403526,0.000803589,3.754955333,545885.3983
153,22318.24416,33354,71388,0.706772334,1.512714019,86932.59,8526.46519,NA,23833.76874,75292.27729,NA,NA,NA,3001.502271,95459.05519,2083.56734,0.000453606,4.401674,194585.1012
152,28339.28068,38304,83097,0.628243398,1.362916188,102781.8425,10032.733,7.888561,7811.032236,30152.00018,NA,NA,NA,2583.086543,112822.464,2012.19385,0.000426318,4.66274,150785.4964
151,43636.53861,72441,121131,0.680273834,1.137508452,130308.6583,15808.53986,5300.27921,5499.603826,130368.9059,NA,NA,NA,3756.959964,151417.4774,1942.322474,0.00042176,4.164661,287285.9872
149,60648.46975,132813,177723,1.094002521,1.463933576,152656.6974,51901.85815,17749.84274,17917.15395,309977.2897,NA,NA,NA,7147.742318,222308.3983,2755.407598,0.000826562,3.467627,550202.842
148,26067.83462,49365,91863,0.469427539,0.873554583,107643.8593,NA,75316.90528,8360.292173,412278.7398,1481.191088,NA,NA,5513.793945,184441.9557,1770.288954,0.000415855,4.154195,605080.9876
147,32184.34147,47277,92934,0.536421812,1.054462523,92521.65475,17473.31382,54585.33607,55483.88714,129219.5501,448.438183,NA,NA,5623.597331,165028.7428,1723.294626,0.000650104,4.13462,349732.18
146,34250.16128,48789,101439,0.634942738,1.320132743,125337.2023,NA,12814.47212,14259.63062,44094.43508,NA,NA,NA,3567.056879,138151.6744,1969.564735,0.000277091,4.810272,196505.7401
145,32789.91023,81819,126450,0.707348491,1.093196161,123906.2494,NA,85229.19688,19903.59669,309619.5405,5742.390871,NA,NA,7506.43403,214877.8371,1929.54154,0.001236818,3.7747515,544400.9743
144,86976.65574,98091,145854,0.775717268,1.153433714,95553.4569,NA,119700.0307,20372.44195,389863.2195,1530.990974,NA,NA,9169.510552,216784.4785,2147.221937,0.001111868,4.668526,627020.14
143,31958.64225,40977,67959,0.555658011,0.921540443,88197.87465,9410.37139,6668.447589,43460.47224,94728.56808,1587.633457,NA,NA,3469.14915,105864.3271,1997.584849,NA,NA,244053.3674
142,20537.00056,32643,76626,0.463751438,1.088607595,109291.9666,NA,8202.351653,30264.86036,237409.7517,16513.37993,NA,NA,5907.814406,134007.6982,3142.511948,0.000750458,4.7320375,401682.3103
141,27970.26926,58383,97839,0.523595566,0.877448343,97868.77488,NA,85272.89186,23366.76329,123543.7634,NA,NA,NA,6856.775733,183141.6667,2073.191282,0.000591428,4.43924,330052.1935
140,14885.68222,20718,63558,0.657192704,2.016114195,89804.33871,NA,NA,2088.82255,1065.683957,NA,NA,NA,2032.162616,89804.33871,2032.162616,0.000193724,5.452698667,92958.84522
139,24247.86915,18531,63801,0.382035212,1.315321816,104101.7874,NA,4241.533297,4429.611715,54203.67066,NA,NA,NA,2979.488467,108343.3207,2195.748659,0.000106842,5.27836,166976.603
138,31248.98447,53100,107361,1.078698249,2.180981595,121532.9755,NA,7483.928644,519.1154,29325.34796,NA,NA,NA,2504.978147,129016.9042,1961.345411,0.001117653,5.11689875,158861.3675
137,26559.28127,55386,110682,1.094238976,2.186699858,129592.4591,NA,NA,5457.463831,211434.1656,3493.966268,NA,NA,3276.131379,133086.4254,2549.75926,0.000701112,5.224902,349978.0547
136,16415.98295,64539,100431,1.350894819,2.102166405,107062.4061,NA,12307.47382,18690.83053,100262.2284,2548.546005,NA,NA,4071.852275,121918.426,2356.565814,0.000932803,5.3911985,240871.4848
135,17413.75384,27333,67455,0.566886511,1.399016924,89049.17467,NA,1817.856201,16339.19814,122315.7179,NA,394.425077,NA,2813.265727,91261.45595,2371.16976,0.000408391,4.290041333,229916.372
134,19959.04342,24705,84429,0.63772942,2.179431581,102474.055,1817.80022,NA,13347.26899,34753.99115,NA,NA,NA,2669.434222,104291.8552,2118.756836,0.000297158,5.004495,152393.1153
133,31316.02636,29052,113742,0.650107411,2.545247046,111019.9086,4917.115154,1465.719705,28681.50128,5996.154269,NA,NA,NA,3227.06636,117402.7435,2388.723844,0.000231914,5.267871,152080.399
132,20299.04214,20691,82512,0.321238938,1.281043316,94867.31856,NA,NA,801.371125,NA,NA,NA,NA,2030.781578,94867.31856,2030.781578,0.000588937,4.578115,95668.68968
131,28098.15763,44415,110349,0.670415094,1.665645283,101869.0411,NA,1522.272574,11662.63216,83812.04002,NA,NA,NA,3565.611491,103391.3137,3296.148512,0.000806183,5.4401522,198865.9858
130,33744.78423,55485,111321,0.898688047,1.803061224,108750.7833,672.89668,2147.150284,1807.586849,85171.90616,4805.322212,NA,NA,2865.913478,116376.1525,2056.024994,0.000712891,5.430218,203355.6455
129,30716.78894,48744,90495,1.044685913,1.939497203,90439.60385,1220.366481,NA,19403.24092,32042.606,2373.444595,NA,NA,2735.653161,94033.41492,2089.787459,0.000779402,4.46276,145479.2618
127,29933.92117,23760,49950,0.439544176,0.924041734,87607.11101,NA,NA,36806.40001,86126.58033,1815.458097,NA,NA,2842.640935,89422.5691,2449.016989,0.000517705,5.2705152,212355.5494
126,67449.18041,62037,127602,0.814711213,1.675754472,104274.7944,21033.08693,9051.023213,35545.39841,133217.598,573.574441,NA,NA,5319.352221,134932.479,1928.463406,0.00069109,4.38459175,303695.4754
125,26383.30754,37683,100134,0.625984252,1.663410745,110630.3299,NA,3423.373992,3114.08378,253592.7631,1623.615625,NA,NA,2799.189808,115677.3195,2014.158013,0.000662868,5.67236425,372384.1664
124,58086.19612,50121,100089,0.349029603,0.696993754,112705.372,NA,9429.667744,10248.2367,120745.3616,3433.791467,NA,NA,4230.04792,125568.8312,3210.214929,0.000636479,5.880186,256562.4295
123,54927.74265,55836,94320,0.887977099,1.5,109064.1452,12575.51471,NA,2257.895022,97917.58306,602.320479,NA,NA,3184.978129,122241.9803,2008.324736,0.00054243,7.016332167,222417.4584
122,27363.21699,15516,40671,0.315840899,0.827891544,105535.5032,NA,NA,NA,NA,NA,NA,NA,2002.176842,105535.5032,2002.176842,0.000188269,10.50974033,105535.5032
121,38999.84962,28764,87264,0.51391817,1.559120958,115548.029,NA,NA,1856.06728,NA,NA,NA,NA,2179.771626,115548.029,2179.771626,0.000315684,7.2667885,117404.0963
120,20180.48061,7659,32796,0.133485543,0.571587919,107266.1889,NA,NA,NA,NA,NA,NA,NA,2001.580328,107266.1889,2001.580328,0.0001558,7.1613555,107266.1889
119,43113.15833,33228,116496,0.553550902,1.940726673,131559.7875,NA,1974.703964,NA,12839.90059,NA,NA,NA,2446.586425,133534.4915,2007.374681,0.000544212,6.6907885,146374.3921
118,23175.89716,39906,91584,0.878483688,2.01611412,129342.38,NA,411.647826,NA,33414.69914,NA,NA,NA,2047.858757,129754.0278,1996.924511,0.00036548,7.390939,163168.7269
117,15749.38442,43902,118080,1.407656791,3.786071566,120495.2419,NA,NA,815.413526,69015.42838,NA,NA,NA,1983.66484,120495.2419,1983.66484,0.000534055,6.214316,190326.0838
116,13163.51211,34326,109593,0.814841191,2.601552485,117463.2453,NA,NA,1942.506412,94693.45927,NA,NA,NA,2074.159705,117463.2453,2074.159705,0.000453292,6.5905565,214099.211
115,25024.80776,56241,97164,0.475832311,0.822065231,141736.6982,NA,NA,16978.87967,527324.2254,NA,NA,NA,3359.166831,141736.6982,3359.166831,0.000681092,5.2858114,686039.8032
113,26662.15973,33849,78588,0.280764764,0.651857996,119520.6356,NA,4623.503457,9832.080192,435692.1964,8271.502705,NA,NA,3996.914044,132415.6418,2563.501553,0.00035521,6.09443,577939.9183
112,25042.16562,39663,66762,0.294375668,0.495502316,95632.63938,NA,45.035412,32616.72282,377412.8663,671.640094,7727.339876,NA,3492.216922,104076.6548,2410.444449,0.000405953,5.844819667,514106.2439
111,27060.73567,35361,69039,0.436060277,0.851366349,88658.08419,NA,12345.73995,24750.95146,184806.4826,20797.26407,1825.506217,NA,4262.159688,123626.5944,1989.361851,0.00044421,4.435881333,333184.0284
110,23648.04148,22707,42948,0.383979302,0.726258117,91412.63347,NA,6337.142205,25060.20867,54685.13806,NA,659.733756,NA,2423.772279,98409.50943,1964.339321,0.000199385,6.065671,178154.8562
109,28998.13252,27621,51336,0.219198629,0.407399471,98088.09546,NA,9089.018723,22593.29229,255001.6749,80140.10261,301.014276,NA,4872.915615,187618.2311,2256.830354,0.0001533,6.041015,465213.1982
107,30765.94127,65124,134316,0.367086039,0.757102273,148077.0756,NA,26741.37627,6076.110106,574723.066,44672.1276,NA,NA,6056.673625,219490.5795,3093.250421,0.000866516,3.031115667,800289.7556
106,32700.27289,29385,57357,0.213389395,0.416517799,94446.37835,NA,39753.45254,NA,516857.5413,NA,NA,NA,4980.430139,134199.8309,1984.405619,0.00010889,10.248524,651057.3721
105,25845.75558,28701,76671,1.259920983,3.36571554,126778.5262,NA,1569.284209,NA,9788.113396,NA,NA,NA,2326.241542,128347.8104,1988.562852,0.000227379,6.28156175,138135.9238
104,19337.6179,48627,114057,1.292274575,3.03109304,131995.0066,NA,NA,NA,NA,NA,NA,NA,2038.407947,131995.0066,2038.407947,0.000466572,8.4268462,131995.0066
103,36563.93879,40122,105588,1.334730539,3.51257485,122419.7471,NA,2848.099807,NA,NA,NA,NA,NA,2526.608642,125267.8469,1993.389437,0.00046264,5.38328675,125267.8469
102,13075.46147,66969,116361,1.932727273,3.358181818,133148.4738,NA,4939.013666,9719.440942,12708.20671,NA,NA,NA,2885.900565,145486.289,2246.619003,0.000374086,13.99288675,167913.9367
101,31955.31241,20079,88875,0.380630118,1.684770246,138430.7898,NA,NA,NA,8611.931245,NA,NA,311.855336,2037.491252,138970.1914,1986.012753,0.000126043,7.506343,147893.978
100,32248.80452,17496,66690,0.249244971,0.950054134,141486.237,NA,NA,NA,21164.27533,NA,NA,NA,2226.793338,142094.5522,2076.953145,0.000137518,8.249262667,163258.8275
99,24259.54077,49167,92916,0.766282749,1.448124308,131610.8582,NA,NA,2668.20228,53238.60948,NA,NA,NA,2027.136026,131610.8582,2027.136026,0.00044484,6.744116,187517.67
98,27964.66028,26424,73251,0.425507246,1.179565217,122401.6618,NA,NA,NA,36720.51915,NA,NA,NA,1991.764518,122401.6618,1991.764518,0.000167232,6.8078786,159122.181
97,19066.53964,31851,80154,0.489277704,1.231282067,111250.9523,NA,1690.702374,6138.698603,37190.00061,NA,NA,NA,2237.858591,112941.6546,2088.788801,0.000466996,6.15801625,156270.3539
96,30768.43919,32319,69363,0.430506714,0.923953005,105114.1263,NA,23750.36718,5391.695398,81558.43466,NA,NA,1174.121715,3018.789809,128864.4935,1831.074946,0.000311703,9.2515625,216988.7453
95,30206.09,22896,42372,0.862567812,1.596292948,102010.9453,NA,NA,NA,4184.024287,NA,NA,NA,2031.102116,102010.9453,2031.102116,4.89E-05,9.796963667,106194.9696
94,39573.39076,22140,48807,0.555374389,1.224307036,125925.3382,NA,NA,NA,11035.06269,NA,NA,NA,2022.871618,125925.3382,2022.871618,6.68E-05,8.33332775,136960.4009
93,37718.57459,35019,86274,0.523954156,1.290831289,145021.4376,NA,NA,NA,29936.16238,NA,NA,NA,2475.602783,145021.4376,2475.602783,0.00019759,9.76891,174957.5999
92,38809.07695,40878,109143,0.795214473,2.123198132,153390.212,NA,NA,370.778306,95717.05131,NA,NA,NA,3469.360111,153390.212,3469.360111,0.000224879,9.243844,249478.0416
91,36385.20206,24192,88335,0.295438725,1.078769005,135467.06,NA,5203.682272,1260.832643,82142.01703,NA,NA,NA,2410.069133,140670.7423,1916.6235,0.000152631,9.0036265,224073.592
90,46056.54313,37710,118980,0.40472664,1.276965677,151683.9085,NA,7125.681569,978.696199,134632.2532,801.892763,NA,NA,3558.315817,159611.4828,1981.567775,0.000369706,7.779141,295222.4323
89,30144.56852,24507,84492,0.296107003,1.020878643,129491.3778,NA,35733.50189,NA,181788.5154,NA,NA,NA,4603.907328,165224.8797,2069.532474,0.000176044,7.557555,347013.3951
88,54436.89083,35766,90405,0.626155462,1.582720588,142837.0882,NA,17827.5504,511.088656,54272.32992,NA,NA,NA,2595.037693,160664.6386,1864.443062,0.000112721,6.6789305,215448.0572
87,60402.66355,45279,102726,0.680028235,1.542803076,138341.2667,NA,1393.444615,3388.260856,149185.1887,547.785837,NA,NA,2698.323108,140282.4972,2401.028143,0.000382913,6.381296,292855.9467
86,32647.29401,32409,104238,0.388317757,1.248957584,119458.7967,NA,2166.227075,3238.596784,83104.57841,NA,1331.823648,NA,2550.352486,122956.8474,1990.254417,0.000393701,5.74729125,209300.0226
85,26271.18699,30600,69714,0.661936489,1.508047071,110159.9009,NA,NA,5868.06851,101449.8082,NA,NA,NA,2139.286526,110159.9009,2139.286526,0.000539052,5.52821125,217477.7776
84,22770.78267,77103,127971,0.746948384,1.239740758,114117.5556,NA,12890.31682,27803.02605,203343.9078,NA,NA,NA,4049.389823,163419.429,2146.4718,0.000386941,6.536755,394566.3629
83,39819.37693,26919,59292,0.380986753,0.839164402,134840.9805,NA,11970.30299,15514.84206,95799.43886,368.88799,NA,NA,3091.946735,150869.7847,1903.333314,8.05E-05,6.2234158,262184.0656
82,27930.56601,19251,82521,0.588913702,2.524427177,171996.7691,NA,NA,NA,NA,NA,NA,NA,2045.013212,171996.7691,2045.013212,8.54E-05,7.00563875,171996.7691
81,36213.08025,60444,116163,0.750391061,1.442122905,192549.5171,NA,NA,11051.6425,96297.05978,NA,NA,NA,4383.171596,192549.5171,4383.171596,0.000620568,7.248832167,299898.2194
80,51337.29652,100863,185517,0.93949273,1.728006036,229558.1326,NA,995.807403,6874.984583,199361.2121,NA,NA,NA,5154.0881,230553.94,5024.410446,0.000672296,6.748102625,436790.1367
79,48332.55056,56844,130014,0.688517442,1.574781977,182173.9875,NA,7020.527501,2617.145258,67577.14829,NA,NA,NA,2981.085195,189194.515,2241.604626,0.000156211,7.696681333,259388.8086
78,32283.98953,46224,107172,0.556406182,1.290047667,157160.3262,NA,4164.398426,19774.23269,168564.0916,477.57203,NA,NA,3077.810265,161802.2967,2289.032708,0.00032533,7.435515167,350140.621
77,43449.87452,32724,70992,0.396174334,0.859467312,134167.3038,7812.953023,5597.655233,18317.32075,150570.5279,763.611273,NA,NA,3453.29611,148341.5233,1829.008301,0.000196399,6.79200525,317229.3719
76,50177.62261,79929,137745,0.909917807,1.568099542,169882.5229,22916.36101,3870.723856,23144.79858,157588.8288,NA,NA,NA,4125.678298,196669.6078,2798.382836,0.000797315,7.138229333,377403.2351
75,41852.05456,32022,81270,0.554090532,1.40625,160182.3188,NA,NA,434.413733,11584.67045,NA,NA,NA,2064.614125,160182.3188,2064.614125,0.000110023,7.7793892,172201.403
74,40572.44065,28080,81891,0.404494382,1.179645635,159052.12,NA,NA,1454.883582,3930.801777,NA,NA,NA,2016.983598,159052.12,2016.983598,8.91E-05,5.608059167,164437.8054
73,24040.59162,97029,167427,0.847785059,1.462883355,191113.6465,NA,11897.6097,5245.419076,216496.2802,NA,NA,NA,2900.744595,203011.2562,2137.437324,0.000490347,5.4735885,424752.9554
72,51030.07977,80028,143406,0.879970091,1.576860486,186813.8356,NA,33368.67734,13188.70939,145587.7969,2013.995089,NA,NA,5606.922349,222196.5081,4002.915202,0.000673008,8.2501038,380973.0143
71,43360.56643,47727,122463,1.065287264,2.733427079,183104.0132,NA,NA,2990.639477,25697.8127,NA,NA,NA,2355.705968,183104.0132,2355.705968,0.000342878,8.2064166,211792.4654
70,22417.59363,54018,139428,0.925694897,2.389347774,168558.4015,NA,359.086072,5212.090984,192781.7509,4340.12131,NA,NA,2506.962375,173257.6089,2108.600763,0.000464062,6.540373,371251.4508
69,45087.91869,61299,127332,0.768697331,1.596759631,145735.1431,NA,28520.62651,12966.76009,309783.1433,8006.177578,955.456889,NA,5386.649498,183217.4041,2226.889634,0.000803279,7.12820875,505967.3075
68,35030.51311,31797,55665,0.580873219,1.016898064,134562.2366,NA,27598.73496,6716.355256,101786.9327,NA,NA,NA,3740.589997,162160.9715,1869.312029,6.19E-05,7.452449333,270664.2595
67,31487.01656,29412,69309,0.39516855,0.931209609,137078.247,NA,NA,4930.74916,84054.94499,NA,NA,NA,2131.093082,137078.247,2131.093082,0.000176576,7.7218165,226063.9411
66,29055.66841,25209,57501,0.500178571,1.140892857,126498.1504,NA,2220.702519,7205.022268,135521.253,NA,NA,NA,2481.88669,128718.8529,2142.030691,0.000116522,7.695834,271445.1281
65,36909.27072,62262,141093,1.347662338,3.053961039,164000.2969,NA,35880.84875,7835.334807,60076.63813,NA,NA,NA,3643.773431,199881.1457,1847.43939,0.000464761,7.471843333,267793.1186
64,29303.8617,42156,88632,0.735976536,1.547373383,140115.4394,NA,NA,17194.78245,10861.6447,NA,NA,NA,2283.297513,141348.3302,2089.949355,0.000271644,7.394952286,169404.7573
63,29106.10146,17406,39384,0.425647421,0.963098819,116790.8405,NA,NA,10372.18675,NA,NA,NA,NA,2046.484814,116790.8405,2046.484814,6.68E-05,6.32006725,127163.0272
62,23439.23082,27477,69543,0.489890886,1.239890886,154216.3602,NA,437.850369,NA,19636.76551,NA,585.438597,NA,2272.523944,155239.6492,2052.155109,0.000135288,6.013445,174876.4147
61,27320.19169,31941,74034,0.537835926,1.246615478,128955.4114,NA,24785.2807,25371.25579,46517.43991,NA,NA,NA,4008.399124,153740.6921,2157.187009,0.000336641,7.4647455,225629.3878
60,45146.28083,61245,118827,1.277134814,2.477885518,162745.2227,NA,NA,2295.846025,34715.22892,NA,NA,2985.108205,2516.058788,162745.2227,2516.058788,0.000469561,7.1668315,202741.4059
59,40545.8744,49671,131193,0.59420758,1.569444444,134068.5787,NA,35537.11236,17270.97146,194312.3675,NA,NA,NA,4285.34427,169605.6911,2040.381176,0.000393576,6.29521875,381189.03
58,52765.83862,35190,75672,0.449838932,0.967326277,119301.9482,NA,52799.52134,4882.786134,66444.20592,NA,813.342666,1144.97916,3551.691025,172914.8122,1973.120694,5.35E-05,8.5838574,245386.7834
57,28456.78827,25542,101214,0.456555546,1.80916972,164686.7499,NA,NA,2631.113125,102562.1409,NA,NA,1036.364795,2009.411836,164686.7499,2009.411836,0.00014134,7.532436,270916.3687
56,43015.70653,56475,123435,0.765492843,1.673105075,175515.5023,NA,1306.367944,1110.69017,114964.1586,NA,NA,NA,2139.976908,176821.8702,1978.65979,0.000230491,8.062655333,292896.719
54,19440.79143,82935,168552,0.640029326,1.30075629,173451.0133,NA,NA,33791.8003,361563.6155,12367.93654,NA,NA,4712.246269,185818.9499,3344.109403,0.000873285,7.3308872,581174.3657
53,32503.72333,45504,92988,0.293885143,0.60055801,174734.612,NA,NA,25598.28627,678250.5867,5858.339709,NA,NA,3945.773515,180592.9517,3154.432999,0.000474107,7.316898,884441.8247
52,35175.53855,19215,39672,0.274814073,0.567391304,143248.6671,NA,28425.27556,13491.36914,129178.0501,8834.348926,NA,NA,4579.186332,184793.2953,1839.754884,4.27E-05,6.489609,327462.7145
51,32283.7404,35712,73404,1.127343898,2.317191742,136304.839,11920.54715,NA,9351.761862,17999.07715,NA,NA,NA,3141.96456,148225.3862,1930.329177,0.000145641,7.7637905,175576.2252
50,29259.85304,70614,110916,1.087305987,1.707871397,159695.1842,7968.842567,NA,768.309926,33925.91355,NA,NA,NA,2408.126046,167664.0268,1929.890401,0.000550794,6.604490714,202358.2503
49,35466.59634,22545,52110,0.291988292,0.674895094,146985.036,NA,NA,6740.052013,180970.4517,3991.787479,NA,NA,2740.934006,150976.8235,2165.689175,0.000110769,11.4926708,338687.3272
48,29651.94981,75429,117459,0.274937124,0.428135593,144401.0183,NA,99487.46037,46359.41133,229173.5285,883.474829,NA,NA,6197.95677,244771.9535,1986.32664,0.000541037,7.9098708,520304.8934
47,39287.54044,44082,69471,0.202593893,0.319277718,143876.7579,NA,59720.15583,40435.38936,116399.9034,9393.72385,NA,NA,4241.817465,212990.6376,2636.593393,0.000244434,6.9705705,369825.9304
46,58148.99709,33462,79290,0.199913969,0.47370685,163523.5314,NA,140672.6997,18981.48261,172998.771,7334.912291,NA,NA,5881.801,311531.1435,1690.171852,4.01E-05,7.9044358,503511.3971
45,41196.33956,30978,81594,0.49031339,1.291452991,175353.4983,NA,NA,13787.20288,111554.1702,1654.84533,2254.288337,NA,2594.026884,179262.632,2108.973673,8.25E-05,11.9873015,304604.0051
44,34061.17673,99189,164592,1.766185897,2.930769231,208760.2682,2922.451932,10998.03923,11524.52372,133721.9369,NA,NA,NA,4942.093364,222680.7593,3096.065615,0.000826636,8.856017833,367927.22
43,46794.49079,83439,178434,2.045073529,4.373382353,193332.556,1779.943584,NA,7423.628871,24491.85185,NA,NA,NA,3096.449334,195112.4996,2760.415564,0.000328047,9.1950734,227027.9803
42,34879.98058,52920,146628,1.635756677,4.53227003,183346.5055,NA,3210.759389,8247.819164,53233.85713,NA,NA,NA,2217.559623,186557.2649,2033.051649,0.000301292,8.416676167,248038.9412
41,39482.40132,39447,108504,0.637300677,1.752976719,167808.9567,NA,NA,13618.23056,8853.42901,NA,NA,NA,2032.260827,167808.9567,2032.260827,0.000274813,9.227475833,190280.6163
40,38876.47573,30933,57114,0.619725929,1.144248107,135398.1103,NA,NA,10368.20936,178081.1512,NA,NA,NA,2192.593476,135398.1103,2192.593476,5.33E-05,10.003633,323847.4708
39,49420.36162,59904,108135,0.754173486,1.361387385,185962.7189,NA,NA,13925.02245,238105.9782,3668.418595,1721.903284,NA,3039.092873,191353.0408,2544.950112,0.000582448,8.56836125,443384.0414
38,65788.2525,44676,106362,0.621259317,1.479057737,184815.1755,NA,NA,3717.406188,66667.21132,1499.499358,NA,7148.808687,2369.756041,186314.6749,2202.531691,0.000139652,10.674758,263848.1024
37,52654.73433,78174,163071,1.174048209,2.449065105,209445.1434,NA,NA,NA,145560.697,NA,NA,501.762341,3837.899742,209445.1434,3837.899742,0.000416097,9.177387833,355507.6027
36,40585.07205,110862,191547,2.001697241,3.458525928,214455.262,NA,2698.370492,11239.61126,74518.35311,NA,NA,18034.1018,3265.183805,217153.6325,2860.882067,0.00068954,6.832223333,320945.6989
35,40409.16927,31293,105939,0.65444621,2.215555463,166536.6319,NA,NA,1815.706059,114244.8207,NA,32861.47335,NA,3341.691851,199398.1053,1984.782652,0.000149084,9.883402167,315458.6321
34,32900.49104,30699,82557,0.272739388,0.73346186,144332.2175,NA,NA,15764.93546,279103.0429,7692.408094,7009.817023,NA,3107.495783,159034.4426,2074.425191,0.000174616,8.7377115,453902.4211
33,34859.88403,41643,97785,0.286300635,0.67228364,171257.6316,NA,NA,2126.460733,292485.673,95285.26135,NA,NA,6180.031325,266542.8929,2029.373231,0.000235459,8.184205167,561155.0267
32,31482.01451,95733,140688,0.614050954,0.902401478,180799.1085,NA,46247.6795,13919.66223,479875.7135,7711.508901,NA,NA,4924.465715,234758.2969,2024.91183,0.000580139,8.109455429,728557.6667
31,36900.58845,86139,161892,0.623721082,1.172238514,172612.9395,NA,66242.49663,28375.94867,174330.2169,339.304304,NA,NA,5456.112427,239194.7404,1941.222521,0.00108648,7.752864167,441900.906
30,39654.69301,74988,147276,0.454417646,0.89247364,180787.4191,NA,75395.41139,12803.48556,482336.0974,4185.470848,NA,NA,4778.533098,260368.3014,2183.832902,0.000275475,10.2432085,755507.8843
29,27374.2325,60255,116784,0.490556053,0.950777497,149236.2017,NA,38669.21316,31767.82013,160738.7502,6942.663337,NA,NA,4944.107955,194848.0782,1850.457321,0.00038868,8.689857167,387354.6487
28,37297.69702,35442,66258,0.223439667,0.417715294,146470.3309,NA,9094.027315,28029.2901,76787.73022,2117.643145,NA,NA,2893.994632,157682.0014,1970.208645,7.01E-05,8.1838415,262499.0217
27,59232.07316,54774,96741,0.293905541,0.519091465,171448.7374,NA,107691.6776,13969.68308,128684.8587,NA,NA,NA,5527.47971,279140.415,2104.105765,7.90E-05,7.397607333,421794.9568
26,43967.57642,63306,127746,0.535991872,1.081584963,145474.085,40142.03726,3334.582637,13311.1596,323639.2351,NA,NA,NA,4086.031826,188950.7049,2174.470312,0.000204087,6.3664996,525901.0996
25,40819.9846,116424,183681,0.66604119,1.050806636,127321.7336,67644.16229,3158.43874,21681.29226,448206.5096,NA,NA,NA,6166.187104,198124.3346,3100.411252,0.00053787,8.1794846,668012.1365
24,46822.37618,138537,201969,0.853796376,1.244724516,143170.0958,57292.17042,44369.30178,3730.51837,298315.7105,2853.141697,2167.604472,NA,6689.501271,249852.3142,1911.839433,0.000704126,6.139749143,551898.543
23,28396.89242,62928,109143,0.549627922,0.953280579,147598.1921,16515.9472,3962.707792,5321.75511,252057.075,1220.924237,NA,NA,3335.625339,169297.7713,2166.9793,0.000385042,6.8180402,426676.6014
22,25778.70591,54369,92475,0.477969231,0.812967033,151569.9283,NA,1570.337945,22988.54857,226255.4405,45884.21159,NA,NA,5332.057984,199024.4778,3197.092281,0.000636371,8.212352,448268.4669
21,26922.41038,41949,74349,0.693899494,1.229844179,137090.1917,NA,NA,9454.288961,49269.64744,4387.740146,NA,NA,3211.027069,141477.9318,2951.893837,0.000438853,6.7373145,200201.8682
20,21786.9316,37143,92934,0.39195264,0.980688869,146414.4926,NA,14487.09898,13989.49351,40594.79502,5698.499659,NA,NA,4100.775374,166600.0912,2537.589326,0.000504999,5.53585625,221184.3797
19,34224.18213,39789,96246,0.375743668,0.908890022,136956.1815,NA,31113.82885,10410.88441,156362.4183,231.202425,NA,NA,4036.991568,168301.2128,2317.533365,0.000208819,9.1907295,335074.5155
18,32933.67655,27441,58689,0.41830155,0.894635753,134323.8503,NA,NA,1369.131448,19629.03535,NA,NA,NA,2097.137183,134323.8503,2097.137183,6.93E-05,6.5600536,155322.0171
17,31686.11613,17955,43596,0.281580805,0.683697953,131379.7224,NA,NA,6427.823881,101249.1091,1316.289363,NA,NA,2335.774273,132696.0117,2094.896373,4.12E-05,6.789803,240372.9448
16,36635.16116,65592,119727,1.210005903,2.208659238,168409.4057,NA,NA,13257.99267,117014.7284,500.417239,NA,NA,3648.543465,168909.823,3548.141175,0.00038385,7.44054675,299182.544
15,40818.02201,59742,132966,0.819911067,1.824851779,185955.3304,NA,NA,11198.31373,39131.06814,NA,NA,NA,2807.178533,185955.3304,2807.178533,0.000144528,5.1680314,236284.7123
14,42980.30264,153666,213138,1.0048258,1.393714689,245829.4155,NA,3988.676956,59970.53546,311251.9095,NA,NA,NA,7092.479844,249818.0925,6805.5796,0.000683471,5.62640175,621040.5374
13,41831.55162,55737,94185,0.391246666,0.66113295,146342.9287,6279.591171,38366.27813,38992.5047,137370.1382,NA,NA,NA,5814.996553,190988.798,2836.63906,0.000356784,3.966303,367351.4408
12,24656.11528,16605,35469,0.243617958,0.520378521,129282.9286,1529.602772,NA,8720.83163,41844.42052,NA,NA,NA,2143.264252,130812.5314,2066.893342,2.55E-05,9.2171142,181377.7835
11,33716.90155,76329,126135,0.740885619,1.224326371,103657.661,54752.9727,3884.494979,65344.47249,175751.9326,5191.053608,NA,NA,5717.04103,167486.1823,2112.308709,0.00054938,7.063326833,408582.5874
10,28997.59871,107505,162963,0.894287639,1.355618777,156726.7475,40414.5489,9581.166898,15514.94495,184673.2275,4519.294297,NA,NA,5039.065473,211241.7576,2376.389756,0.000586554,9.4470138,411429.9301
9,31686.39473,67356,135171,0.910782378,1.827771317,152384.6291,NA,5764.500767,41822.8765,78679.72668,NA,NA,NA,3217.696981,158149.1299,2678.42692,0.000374918,8.5788855,278651.7331
7,30294.76431,60822,110664,0.816621912,1.485821697,150784.9889,NA,NA,78816.9327,120849.3829,807.067466,NA,NA,3614.980907,151592.0563,3519.84298,0.000412234,7.5828175,351258.3719
6,28524.49146,20934,39852,0.259443783,0.493902439,118507.7109,NA,NA,11276.44397,214153.6482,36010.0414,NA,NA,3592.817672,154517.7523,2049.734668,2.29E-05,6.160038333,379947.8445
5,33947.04758,29331,69975,0.417981275,0.997178402,138885.5206,5004.718189,NA,20476.96342,57593.623,NA,NA,NA,2291.819806,143890.2387,2037.960668,5.34E-05,10.263639,221960.8252
4,61890.47688,149139,200844,1.631860557,2.197610294,143424.9154,85445.60121,3132.037748,29723.21382,286310.1984,NA,NA,NA,7007.746192,232002.5543,2035.883225,0.000707833,7.457151,548035.9665
3,46560.22331,74601,124245,0.634038756,1.055966344,131075.74,40837.04123,11701.47038,80638.18701,402017.0477,3566.152772,NA,NA,5969.390862,187180.4044,2265.456087,0.000376643,8.315569875,669835.6391
2,33188.26277,45900,93276,0.726794819,1.476961079,136104.2249,752.318301,14973.07806,21810.94976,89314.07642,2761.469426,NA,NA,3362.216399,154591.0907,1944.729924,0.000145439,7.192767714,265716.1169
